"# Same source as figS42_blue_envelopes.csv, log-linearly interpolated onto a 25 K grid."
# k in cm3 mol-1 s-1. Rows omitted where any of the three curves does not span that T.
panel,reaction,T_K,k_model,k_lower,k_upper,factor_hi_over_lo,half_width_lnk
tl_H2O2_OH,H2O2 + OH = H2O + HO2,250,2.90111e+12,1.76086e+12,4.77583e+12,2.7122,0.49888
tl_H2O2_OH,H2O2 + OH = H2O + HO2,275,2.35085e+12,1.45480e+12,3.80789e+12,2.6175,0.48110
tl_H2O2_OH,H2O2 + OH = H2O + HO2,300,1.99671e+12,1.25424e+12,3.18352e+12,2.5382,0.46573
tl_H2O2_OH,H2O2 + OH = H2O + HO2,325,1.76139e+12,1.12475e+12,2.75973e+12,2.4536,0.44879
tl_H2O2_OH,H2O2 + OH = H2O + HO2,350,1.59608e+12,1.03758e+12,2.45053e+12,2.3618,0.42971
tl_H2O2_OH,H2O2 + OH = H2O + HO2,375,1.47788e+12,9.81901e+11,2.22714e+12,2.2682,0.40949
tl_H2O2_OH,H2O2 + OH = H2O + HO2,400,1.39851e+12,9.48418e+11,2.06478e+12,2.1771,0.38899
tl_H2O2_OH,H2O2 + OH = H2O + HO2,425,1.34958e+12,9.34140e+11,1.94994e+12,2.0874,0.36796
tl_H2O2_OH,H2O2 + OH = H2O + HO2,450,1.32453e+12,9.34527e+11,1.87636e+12,2.0078,0.34852
tl_H2O2_OH,H2O2 + OH = H2O + HO2,475,1.31886e+12,9.48648e+11,1.83471e+12,1.9340,0.32980
tl_H2O2_OH,H2O2 + OH = H2O + HO2,500,1.32845e+12,9.72387e+11,1.81481e+12,1.8663,0.31199
tl_H2O2_OH,H2O2 + OH = H2O + HO2,525,1.35011e+12,1.00671e+12,1.81230e+12,1.8002,0.29395
tl_H2O2_OH,H2O2 + OH = H2O + HO2,550,1.38380e+12,1.04925e+12,1.82420e+12,1.7386,0.27653
tl_H2O2_OH,H2O2 + OH = H2O + HO2,575,1.42670e+12,1.10011e+12,1.85037e+12,1.6820,0.25999
tl_H2O2_OH,H2O2 + OH = H2O + HO2,600,1.47842e+12,1.15790e+12,1.88744e+12,1.6300,0.24430
tl_H2O2_OH,H2O2 + OH = H2O + HO2,625,1.53873e+12,1.22316e+12,1.93473e+12,1.5817,0.22926
tl_H2O2_OH,H2O2 + OH = H2O + HO2,650,1.60726e+12,1.29627e+12,1.99305e+12,1.5375,0.21509
tl_H2O2_OH,H2O2 + OH = H2O + HO2,675,1.68347e+12,1.37661e+12,2.06031e+12,1.4967,0.20162
tl_H2O2_OH,H2O2 + OH = H2O + HO2,700,1.76854e+12,1.46396e+12,2.13670e+12,1.4595,0.18906
tl_H2O2_OH,H2O2 + OH = H2O + HO2,725,1.86178e+12,1.55914e+12,2.22230e+12,1.4253,0.17720
tl_H2O2_OH,H2O2 + OH = H2O + HO2,750,1.96185e+12,1.66213e+12,2.31762e+12,1.3944,0.16622
tl_H2O2_OH,H2O2 + OH = H2O + HO2,775,2.07171e+12,1.77193e+12,2.42171e+12,1.3667,0.15620
tl_H2O2_OH,H2O2 + OH = H2O + HO2,800,2.18835e+12,1.88898e+12,2.53374e+12,1.3413,0.14683
tl_H2O2_OH,H2O2 + OH = H2O + HO2,825,2.31213e+12,2.01376e+12,2.65496e+12,1.3184,0.13821
tl_H2O2_OH,H2O2 + OH = H2O + HO2,850,2.44368e+12,2.14678e+12,2.78478e+12,1.2972,0.13010
tl_H2O2_OH,H2O2 + OH = H2O + HO2,875,2.58271e+12,2.28858e+12,2.92192e+12,1.2767,0.12216
tl_H2O2_OH,H2O2 + OH = H2O + HO2,900,2.72964e+12,2.43975e+12,3.06993e+12,1.2583,0.11488
tl_H2O2_OH,H2O2 + OH = H2O + HO2,925,2.88494e+12,2.59490e+12,3.22544e+12,1.2430,0.10876
tl_H2O2_OH,H2O2 + OH = H2O + HO2,950,3.04908e+12,2.75992e+12,3.38882e+12,1.2279,0.10264
tl_H2O2_OH,H2O2 + OH = H2O + HO2,975,3.22255e+12,2.93393e+12,3.56126e+12,1.2138,0.09688
tl_H2O2_OH,H2O2 + OH = H2O + HO2,1000,3.40589e+12,3.11253e+12,3.74302e+12,1.2026,0.09223
tl_H2O2_OH,H2O2 + OH = H2O + HO2,1025,3.59967e+12,3.30201e+12,3.93406e+12,1.1914,0.08757
tl_H2O2_OH,H2O2 + OH = H2O + HO2,1050,3.80446e+12,3.49539e+12,4.13485e+12,1.1829,0.08400
tl_H2O2_OH,H2O2 + OH = H2O + HO2,1075,4.01057e+12,3.69809e+12,4.34589e+12,1.1752,0.08071
tl_H2O2_OH,H2O2 + OH = H2O + HO2,1100,4.22689e+12,3.90842e+12,4.56770e+12,1.1687,0.07794
tl_H2O2_OH,H2O2 + OH = H2O + HO2,1125,4.45488e+12,4.12421e+12,4.80084e+12,1.1641,0.07596
tl_H2O2_OH,H2O2 + OH = H2O + HO2,1150,4.68755e+12,4.34778e+12,5.04587e+12,1.1606,0.07445
tl_H2O2_OH,H2O2 + OH = H2O + HO2,1175,4.93128e+12,4.57694e+12,5.30340e+12,1.1587,0.07366
tl_H2O2_OH,H2O2 + OH = H2O + HO2,1200,5.18768e+12,4.81343e+12,5.57408e+12,1.1580,0.07336
tl_H2O2_OH,H2O2 + OH = H2O + HO2,1225,5.44836e+12,5.05467e+12,5.85858e+12,1.1590,0.07380
tl_H2O2_OH,H2O2 + OH = H2O + HO2,1250,5.72131e+12,5.30800e+12,6.15760e+12,1.1601,0.07424
tl_H2O2_OH,H2O2 + OH = H2O + HO2,1275,6.00793e+12,5.56061e+12,6.47187e+12,1.1639,0.07588
tl_H2O2_OH,H2O2 + OH = H2O + HO2,1300,6.29833e+12,5.82524e+12,6.80219e+12,1.1677,0.07752
tl_H2O2_OH,H2O2 + OH = H2O + HO2,1325,6.60229e+12,6.09485e+12,7.14937e+12,1.1730,0.07979
tl_H2O2_OH,H2O2 + OH = H2O + HO2,1350,6.92092e+12,6.37162e+12,7.51427e+12,1.1793,0.08247
tl_H2O2_OH,H2O2 + OH = H2O + HO2,1375,7.24318e+12,6.65842e+12,7.88256e+12,1.1838,0.08439
tl_H2O2_OH,H2O2 + OH = H2O + HO2,1400,7.57992e+12,6.94744e+12,8.26890e+12,1.1902,0.08706
tl_H2O2_OH,H2O2 + OH = H2O + HO2,1425,7.93231e+12,7.24901e+12,8.67417e+12,1.1966,0.08974
tl_H2O2_OH,H2O2 + OH = H2O + HO2,1450,8.28863e+12,7.55832e+12,9.09376e+12,1.2031,0.09247
tl_H2O2_OH,H2O2 + OH = H2O + HO2,1475,8.65982e+12,7.87244e+12,9.52488e+12,1.2099,0.09527
tl_H2O2_OH,H2O2 + OH = H2O + HO2,1500,9.04764e+12,8.19961e+12,9.97645e+12,1.2167,0.09807
tl_H2O2_OH,H2O2 + OH = H2O + HO2,1525,9.44026e+12,8.53193e+12,1.04494e+13,1.2247,0.10137
tl_H2O2_OH,H2O2 + OH = H2O + HO2,1550,9.84741e+12,8.87184e+12,1.09308e+13,1.2321,0.10435
tl_H2O2_OH,H2O2 + OH = H2O + HO2,1575,1.02721e+13,9.22529e+12,1.14307e+13,1.2391,0.10718
tl_H2O2_OH,H2O2 + OH = H2O + HO2,1600,1.07032e+13,9.58678e+12,1.19535e+13,1.2469,0.11032
tl_H2O2_OH,H2O2 + OH = H2O + HO2,1625,1.11476e+13,9.95298e+12,1.24884e+13,1.2547,0.11346
tl_H2O2_OH,H2O2 + OH = H2O + HO2,1650,1.16104e+13,1.03332e+13,1.30390e+13,1.2619,0.11629
tl_H2O2_OH,H2O2 + OH = H2O + HO2,1675,1.20822e+13,1.07248e+13,1.36139e+13,1.2694,0.11927
tl_H2O2_OH,H2O2 + OH = H2O + HO2,1700,1.25648e+13,1.11182e+13,1.42051e+13,1.2776,0.12251
tl_H2O2_OH,H2O2 + OH = H2O + HO2,1725,1.30666e+13,1.15262e+13,1.48079e+13,1.2847,0.12527
tl_H2O2_OH,H2O2 + OH = H2O + HO2,1750,1.35812e+13,1.19490e+13,1.54362e+13,1.2918,0.12803
tl_H2O2_OH,H2O2 + OH = H2O + HO2,1775,1.41027e+13,1.23705e+13,1.60860e+13,1.3004,0.13132
tl_H2O2_OH,H2O2 + OH = H2O + HO2,1800,1.46441e+13,1.28068e+13,1.67419e+13,1.3073,0.13397
tl_H2O2_OH,H2O2 + OH = H2O + HO2,1825,1.52029e+13,1.32585e+13,1.74246e+13,1.3142,0.13662
tl_H2O2_OH,H2O2 + OH = H2O + HO2,1850,1.57638e+13,1.37117e+13,1.81351e+13,1.3226,0.13980
tl_H2O2_OH,H2O2 + OH = H2O + HO2,1875,1.63454e+13,1.41767e+13,1.88450e+13,1.3293,0.14232
tl_H2O2_OH,H2O2 + OH = H2O + HO2,1900,1.69484e+13,1.46575e+13,1.95826e+13,1.3360,0.14484
tl_H2O2_OH,H2O2 + OH = H2O + HO2,1925,1.75497e+13,1.51431e+13,2.03491e+13,1.3438,0.14775
tl_H2O2_OH,H2O2 + OH = H2O + HO2,1950,1.81713e+13,1.56368e+13,2.11195e+13,1.3506,0.15029
tl_H2O2_OH,H2O2 + OH = H2O + HO2,1975,1.88149e+13,1.61466e+13,2.19123e+13,1.3571,0.15267
tl_H2O2_OH,H2O2 + OH = H2O + HO2,2000,1.94618e+13,1.66648e+13,2.27349e+13,1.3642,0.15530
tl_H2O2_OH,H2O2 + OH = H2O + HO2,2025,2.01230e+13,1.71870e+13,2.35670e+13,1.3712,0.15785
tl_H2O2_OH,H2O2 + OH = H2O + HO2,2050,2.08067e+13,1.77255e+13,2.44147e+13,1.3774,0.16009
tl_H2O2_OH,H2O2 + OH = H2O + HO2,2075,2.14996e+13,1.82763e+13,2.52930e+13,1.3839,0.16246
tl_H2O2_OH,H2O2 + OH = H2O + HO2,2100,2.21999e+13,1.88250e+13,2.61875e+13,1.3911,0.16505
tl_H2O2_OH,H2O2 + OH = H2O + HO2,2125,2.29230e+13,1.93903e+13,2.70896e+13,1.3971,0.16719
tl_H2O2_OH,H2O2 + OH = H2O + HO2,2150,2.36621e+13,1.99724e+13,2.80227e+13,1.4031,0.16933
tl_H2O2_OH,H2O2 + OH = H2O + HO2,2175,2.44003e+13,2.05560e+13,2.89799e+13,1.4098,0.17172
tl_H2O2_OH,H2O2 + OH = H2O + HO2,2200,2.51615e+13,2.11456e+13,2.99353e+13,1.4157,0.17380
tl_H2O2_OH,H2O2 + OH = H2O + HO2,2225,2.59465e+13,2.17520e+13,3.09222e+13,1.4216,0.17588
tl_H2O2_OH,H2O2 + OH = H2O + HO2,2250,2.67225e+13,2.23759e+13,3.19417e+13,1.4275,0.17796
tl_H2O2_OH,H2O2 + OH = H2O + HO2,2275,2.75203e+13,2.29886e+13,3.29492e+13,1.4333,0.17998
tl_H2O2_OH,H2O2 + OH = H2O + HO2,2300,2.83418e+13,2.36180e+13,3.39883e+13,1.4391,0.18200
tl_H2O2_OH,H2O2 + OH = H2O + HO2,2325,2.91640e+13,2.42647e+13,3.50602e+13,1.4449,0.18402
tl_H2O2_OH,H2O2 + OH = H2O + HO2,2350,2.99962e+13,2.49169e+13,3.61273e+13,1.4499,0.18575
tl_H2O2_OH,H2O2 + OH = H2O + HO2,2375,3.08522e+13,2.55678e+13,3.72168e+13,1.4556,0.18771
tl_H2O2_OH,H2O2 + OH = H2O + HO2,2400,3.17215e+13,2.62357e+13,3.83392e+13,1.4613,0.18967
tl_H2O2_OH,H2O2 + OH = H2O + HO2,2425,3.25859e+13,2.69211e+13,3.94649e+13,1.4659,0.19125
tl_H2O2_OH,H2O2 + OH = H2O + HO2,2450,3.34739e+13,2.76012e+13,4.06025e+13,1.4710,0.19298
tl_H2O2_OH,H2O2 + OH = H2O + HO2,2475,3.43860e+13,2.82925e+13,4.17730e+13,1.4765,0.19483
tr_HO2_OH,OH + HO2 = H2O + O2,275,7.19072e+13,5.70880e+13,9.06421e+13,1.5878,0.23116
tr_HO2_OH,OH + HO2 = H2O + O2,300,6.33468e+13,5.02243e+13,7.98693e+13,1.5903,0.23195
tr_HO2_OH,OH + HO2 = H2O + O2,325,5.64024e+13,4.48340e+13,7.11218e+13,1.5863,0.23071
tr_HO2_OH,OH + HO2 = H2O + O2,350,5.07727e+13,4.03719e+13,6.39861e+13,1.5849,0.23027
tr_HO2_OH,OH + HO2 = H2O + O2,375,4.60917e+13,3.66458e+13,5.80271e+13,1.5835,0.22981
tr_HO2_OH,OH + HO2 = H2O + O2,400,4.21323e+13,3.37983e+13,5.33937e+13,1.5798,0.22864
tr_HO2_OH,OH + HO2 = H2O + O2,425,3.87668e+13,3.13660e+13,4.94091e+13,1.5752,0.22720
tr_HO2_OH,OH + HO2 = H2O + O2,450,3.59042e+13,2.91088e+13,4.57219e+13,1.5707,0.22577
tr_HO2_OH,OH + HO2 = H2O + O2,475,3.34564e+13,2.70141e+13,4.23098e+13,1.5662,0.22433
tr_HO2_OH,OH + HO2 = H2O + O2,500,3.13506e+13,2.50700e+13,3.91523e+13,1.5617,0.22289
tr_HO2_OH,OH + HO2 = H2O + O2,525,2.95222e+13,2.38273e+13,3.70109e+13,1.5533,0.22019
tr_HO2_OH,OH + HO2 = H2O + O2,550,2.79265e+13,2.26464e+13,3.49868e+13,1.5449,0.21749
tr_HO2_OH,OH + HO2 = H2O + O2,575,2.65243e+13,2.15239e+13,3.30734e+13,1.5366,0.21478
tr_HO2_OH,OH + HO2 = H2O + O2,600,2.52900e+13,2.04571e+13,3.12646e+13,1.5283,0.21208
tr_HO2_OH,OH + HO2 = H2O + O2,625,2.42109e+13,1.97462e+13,2.99824e+13,1.5184,0.20883
tr_HO2_OH,OH + HO2 = H2O + O2,650,2.32589e+13,1.90600e+13,2.87530e+13,1.5085,0.20557
tr_HO2_OH,OH + HO2 = H2O + O2,675,2.24189e+13,1.83977e+13,2.75739e+13,1.4988,0.20232
tr_HO2_OH,OH + HO2 = H2O + O2,700,2.16781e+13,1.77584e+13,2.64432e+13,1.4891,0.19907
tr_HO2_OH,OH + HO2 = H2O + O2,725,2.10251e+13,1.73529e+13,2.56659e+13,1.4791,0.19570
tr_HO2_OH,OH + HO2 = H2O + O2,750,2.04500e+13,1.69567e+13,2.49116e+13,1.4691,0.19233
tr_HO2_OH,OH + HO2 = H2O + O2,775,1.99446e+13,1.65696e+13,2.41794e+13,1.4593,0.18896
tr_HO2_OH,OH + HO2 = H2O + O2,800,1.94999e+13,1.61913e+13,2.34687e+13,1.4495,0.18560
tr_HO2_OH,OH + HO2 = H2O + O2,825,1.91099e+13,1.59671e+13,2.30039e+13,1.4407,0.18257
tr_HO2_OH,OH + HO2 = H2O + O2,850,1.87677e+13,1.57460e+13,2.25484e+13,1.4320,0.17954
tr_HO2_OH,OH + HO2 = H2O + O2,875,1.84707e+13,1.55280e+13,2.21019e+13,1.4234,0.17651
tr_HO2_OH,OH + HO2 = H2O + O2,900,1.82176e+13,1.53131e+13,2.16642e+13,1.4148,0.17348
tr_HO2_OH,OH + HO2 = H2O + O2,925,1.79989e+13,1.51867e+13,2.13792e+13,1.4078,0.17100
tr_HO2_OH,OH + HO2 = H2O + O2,950,1.78108e+13,1.50613e+13,2.10979e+13,1.4008,0.16852
tr_HO2_OH,OH + HO2 = H2O + O2,975,1.76500e+13,1.49497e+13,2.08434e+13,1.3942,0.16617
tr_HO2_OH,OH + HO2 = H2O + O2,1000,1.75162e+13,1.48713e+13,2.06506e+13,1.3886,0.16416
tr_HO2_OH,OH + HO2 = H2O + O2,1025,1.74127e+13,1.48077e+13,2.04871e+13,1.3835,0.16232
tr_HO2_OH,OH + HO2 = H2O + O2,1050,1.73290e+13,1.47658e+13,2.03658e+13,1.3793,0.16077
tr_HO2_OH,OH + HO2 = H2O + O2,1075,1.72634e+13,1.47240e+13,2.02453e+13,1.3750,0.15922
tr_HO2_OH,OH + HO2 = H2O + O2,1100,1.72219e+13,1.47093e+13,2.01650e+13,1.3709,0.15774
tr_HO2_OH,OH + HO2 = H2O + O2,1125,1.71990e+13,1.46997e+13,2.01196e+13,1.3687,0.15693
tr_HO2_OH,OH + HO2 = H2O + O2,1150,1.71890e+13,1.47131e+13,2.01078e+13,1.3667,0.15618
tr_HO2_OH,OH + HO2 = H2O + O2,1175,1.72006e+13,1.47356e+13,2.01090e+13,1.3647,0.15545
tr_HO2_OH,OH + HO2 = H2O + O2,1200,1.72261e+13,1.47580e+13,2.01103e+13,1.3627,0.15472
tr_HO2_OH,OH + HO2 = H2O + O2,1225,1.72626e+13,1.47874e+13,2.01577e+13,1.3632,0.15491
tr_HO2_OH,OH + HO2 = H2O + O2,1250,1.73199e+13,1.48344e+13,2.02117e+13,1.3625,0.15466
tr_HO2_OH,OH + HO2 = H2O + O2,1275,1.73829e+13,1.48937e+13,2.02972e+13,1.3628,0.15477
tr_HO2_OH,OH + HO2 = H2O + O2,1300,1.74660e+13,1.49556e+13,2.03863e+13,1.3631,0.15489
tr_HO2_OH,OH + HO2 = H2O + O2,1325,1.75547e+13,1.50341e+13,2.05090e+13,1.3642,0.15527
tr_HO2_OH,OH + HO2 = H2O + O2,1350,1.76603e+13,1.51131e+13,2.06324e+13,1.3652,0.15565
tr_HO2_OH,OH + HO2 = H2O + O2,1375,1.77714e+13,1.52059e+13,2.07814e+13,1.3667,0.15619
tr_HO2_OH,OH + HO2 = H2O + O2,1400,1.78988e+13,1.53047e+13,2.09412e+13,1.3683,0.15678
tr_HO2_OH,OH + HO2 = H2O + O2,1425,1.80287e+13,1.54040e+13,2.11046e+13,1.3701,0.15743
tr_HO2_OH,OH + HO2 = H2O + O2,1450,1.81774e+13,1.55144e+13,2.12968e+13,1.3727,0.15839
tr_HO2_OH,OH + HO2 = H2O + O2,1475,1.83273e+13,1.56325e+13,2.14908e+13,1.3747,0.15914
tr_HO2_OH,OH + HO2 = H2O + O2,1500,1.84914e+13,1.57515e+13,2.17024e+13,1.3778,0.16024
tr_HO2_OH,OH + HO2 = H2O + O2,1525,1.86621e+13,1.58825e+13,2.19225e+13,1.3803,0.16115
tr_HO2_OH,OH + HO2 = H2O + O2,1550,1.88364e+13,1.60155e+13,2.21581e+13,1.3835,0.16232
tr_HO2_OH,OH + HO2 = H2O + O2,1575,1.90269e+13,1.61601e+13,2.24026e+13,1.3863,0.16332
tr_HO2_OH,OH + HO2 = H2O + O2,1600,1.92193e+13,1.63081e+13,2.26499e+13,1.3889,0.16425
tr_HO2_OH,OH + HO2 = H2O + O2,1625,1.94160e+13,1.64575e+13,2.29213e+13,1.3928,0.16564
tr_HO2_OH,OH + HO2 = H2O + O2,1650,1.96271e+13,1.66082e+13,2.31960e+13,1.3967,0.16704
tr_HO2_OH,OH + HO2 = H2O + O2,1675,1.98406e+13,1.67691e+13,2.34740e+13,1.3998,0.16818
tr_HO2_OH,OH + HO2 = H2O + O2,1700,2.00563e+13,1.69354e+13,2.37553e+13,1.4027,0.16920
tr_HO2_OH,OH + HO2 = H2O + O2,1725,2.02828e+13,1.71034e+13,2.40575e+13,1.4066,0.17058
tr_HO2_OH,OH + HO2 = H2O + O2,1750,2.05157e+13,1.72730e+13,2.43635e+13,1.4105,0.17197
tr_HO2_OH,OH + HO2 = H2O + O2,1775,2.07514e+13,1.74484e+13,2.46735e+13,1.4141,0.17324
tr_HO2_OH,OH + HO2 = H2O + O2,1800,2.09897e+13,1.76303e+13,2.49873e+13,1.4173,0.17438
tr_HO2_OH,OH + HO2 = H2O + O2,1825,2.12323e+13,1.78141e+13,2.53128e+13,1.4209,0.17566
tr_HO2_OH,OH + HO2 = H2O + O2,1850,2.14837e+13,1.79998e+13,2.56424e+13,1.4246,0.17694
tr_HO2_OH,OH + HO2 = H2O + O2,1875,2.17381e+13,1.81874e+13,2.59764e+13,1.4283,0.17823
tr_HO2_OH,OH + HO2 = H2O + O2,1900,2.19956e+13,1.83770e+13,2.63147e+13,1.4319,0.17951
tr_HO2_OH,OH + HO2 = H2O + O2,1925,2.22561e+13,1.85692e+13,2.66574e+13,1.4356,0.18078
tr_HO2_OH,OH + HO2 = H2O + O2,1950,2.25196e+13,1.87641e+13,2.70046e+13,1.4392,0.18203
tr_HO2_OH,OH + HO2 = H2O + O2,1975,2.27863e+13,1.89611e+13,2.73563e+13,1.4428,0.18328
tr_HO2_OH,OH + HO2 = H2O + O2,2000,2.30562e+13,1.91602e+13,2.77126e+13,1.4464,0.18453
tr_HO2_OH,OH + HO2 = H2O + O2,2025,2.33292e+13,1.93613e+13,2.80735e+13,1.4500,0.18578
tr_HO2_OH,OH + HO2 = H2O + O2,2050,2.36055e+13,1.95645e+13,2.84392e+13,1.4536,0.18702
tr_HO2_OH,OH + HO2 = H2O + O2,2075,2.38837e+13,1.97699e+13,2.88095e+13,1.4572,0.18827
tr_HO2_OH,OH + HO2 = H2O + O2,2100,2.41599e+13,1.99774e+13,2.91847e+13,1.4609,0.18952
tr_HO2_OH,OH + HO2 = H2O + O2,2125,2.44392e+13,2.01871e+13,2.95648e+13,1.4645,0.19077
tr_HO2_OH,OH + HO2 = H2O + O2,2150,2.47218e+13,2.03991e+13,2.99499e+13,1.4682,0.19202
tr_HO2_OH,OH + HO2 = H2O + O2,2175,2.50076e+13,2.06132e+13,3.03400e+13,1.4719,0.19327
tr_HO2_OH,OH + HO2 = H2O + O2,2200,2.52967e+13,2.08296e+13,3.07351e+13,1.4756,0.19452
tr_HO2_OH,OH + HO2 = H2O + O2,2225,2.55892e+13,2.10398e+13,3.11148e+13,1.4789,0.19563
tr_HO2_OH,OH + HO2 = H2O + O2,2250,2.58732e+13,2.12520e+13,3.14991e+13,1.4822,0.19675
tr_HO2_OH,OH + HO2 = H2O + O2,2275,2.61592e+13,2.14665e+13,3.18882e+13,1.4855,0.19787
tr_HO2_OH,OH + HO2 = H2O + O2,2300,2.64484e+13,2.16830e+13,3.22821e+13,1.4888,0.19899
tr_HO2_OH,OH + HO2 = H2O + O2,2325,2.67408e+13,2.18942e+13,3.26650e+13,1.4919,0.20004
tr_HO2_OH,OH + HO2 = H2O + O2,2350,2.70364e+13,2.21074e+13,3.30524e+13,1.4951,0.20109
tr_HO2_OH,OH + HO2 = H2O + O2,2375,2.73229e+13,2.23227e+13,3.34444e+13,1.4982,0.20214
tr_HO2_OH,OH + HO2 = H2O + O2,2400,2.76100e+13,2.25401e+13,3.38411e+13,1.5014,0.20319
tr_HO2_OH,OH + HO2 = H2O + O2,2425,2.79001e+13,2.27506e+13,3.42240e+13,1.5043,0.20417
tr_HO2_OH,OH + HO2 = H2O + O2,2450,2.81933e+13,2.29631e+13,3.46112e+13,1.5073,0.20515
tr_HO2_OH,OH + HO2 = H2O + O2,2475,2.84879e+13,2.31775e+13,3.50028e+13,1.5102,0.20612
bl_OH_OH,OH + OH = H2O + O,250,1.62803e+12,9.29688e+11,2.85093e+12,3.0665,0.56027
bl_OH_OH,OH + OH = H2O + O,275,1.32289e+12,7.89885e+11,2.21598e+12,2.8054,0.51578
bl_OH_OH,OH + OH = H2O + O,300,1.14268e+12,7.07007e+11,1.84319e+12,2.6070,0.47911
bl_OH_OH,OH + OH = H2O + O,325,1.01989e+12,6.53117e+11,1.59721e+12,2.4455,0.44713
bl_OH_OH,OH + OH = H2O + O,350,9.31696e+11,6.13598e+11,1.41389e+12,2.3043,0.41738
bl_OH_OH,OH + OH = H2O + O,375,8.70808e+11,5.89392e+11,1.29038e+12,2.1893,0.39180
bl_OH_OH,OH + OH = H2O + O,400,8.30185e+11,5.84135e+11,1.23188e+12,2.1089,0.37308
bl_OH_OH,OH + OH = H2O + O,425,8.02627e+11,5.78925e+11,1.17603e+12,2.0314,0.35436
bl_OH_OH,OH + OH = H2O + O,450,7.82947e+11,5.73762e+11,1.12272e+12,1.9568,0.33565
bl_OH_OH,OH + OH = H2O + O,475,7.68983e+11,5.68644e+11,1.07182e+12,1.8849,0.31693
bl_OH_OH,OH + OH = H2O + O,500,7.59682e+11,5.63572e+11,1.02323e+12,1.8156,0.29821
bl_OH_OH,OH + OH = H2O + O,525,7.54886e+11,5.72084e+11,1.01373e+12,1.7720,0.28605
bl_OH_OH,OH + OH = H2O + O,550,7.55253e+11,5.80770e+11,1.00444e+12,1.7295,0.27391
bl_OH_OH,OH + OH = H2O + O,575,7.59963e+11,5.89587e+11,9.95229e+11,1.6880,0.26178
bl_OH_OH,OH + OH = H2O + O,600,7.68572e+11,5.98538e+11,9.86105e+11,1.6475,0.24964
bl_OH_OH,OH + OH = H2O + O,625,7.80619e+11,6.14958e+11,9.98302e+11,1.6234,0.24225
bl_OH_OH,OH + OH = H2O + O,650,7.95530e+11,6.31851e+11,1.01072e+12,1.5996,0.23488
bl_OH_OH,OH + OH = H2O + O,675,8.12598e+11,6.49208e+11,1.02328e+12,1.5762,0.22751
bl_OH_OH,OH + OH = H2O + O,700,8.31479e+11,6.67042e+11,1.03601e+12,1.5531,0.22014
bl_OH_OH,OH + OH = H2O + O,725,8.52050e+11,6.87593e+11,1.05699e+12,1.5372,0.21499
bl_OH_OH,OH + OH = H2O + O,750,8.73542e+11,7.08784e+11,1.07841e+12,1.5215,0.20985
bl_OH_OH,OH + OH = H2O + O,775,8.96049e+11,7.30628e+11,1.10027e+12,1.5059,0.20470
bl_OH_OH,OH + OH = H2O + O,800,9.19759e+11,7.53145e+11,1.12257e+12,1.4905,0.19956
bl_OH_OH,OH + OH = H2O + O,825,9.44097e+11,7.76356e+11,1.14852e+12,1.4794,0.19581
bl_OH_OH,OH + OH = H2O + O,850,9.69078e+11,8.00283e+11,1.17507e+12,1.4683,0.19206
bl_OH_OH,OH + OH = H2O + O,875,9.95461e+11,8.24946e+11,1.20224e+12,1.4574,0.18831
bl_OH_OH,OH + OH = H2O + O,900,1.02292e+12,8.50370e+11,1.23004e+12,1.4465,0.18456
bl_OH_OH,OH + OH = H2O + O,925,1.05115e+12,8.76578e+11,1.26198e+12,1.4397,0.18221
bl_OH_OH,OH + OH = H2O + O,950,1.08026e+12,9.03593e+11,1.29476e+12,1.4329,0.17985
bl_OH_OH,OH + OH = H2O + O,975,1.11155e+12,9.31441e+11,1.32840e+12,1.4262,0.17750
bl_OH_OH,OH + OH = H2O + O,1000,1.14375e+12,9.60146e+11,1.36290e+12,1.4195,0.17514
bl_OH_OH,OH + OH = H2O + O,1025,1.17688e+12,9.89737e+11,1.40221e+12,1.4168,0.17418
bl_OH_OH,OH + OH = H2O + O,1050,1.21238e+12,1.02024e+12,1.44267e+12,1.4141,0.17323
bl_OH_OH,OH + OH = H2O + O,1075,1.24915e+12,1.05168e+12,1.48429e+12,1.4114,0.17227
bl_OH_OH,OH + OH = H2O + O,1100,1.28704e+12,1.08409e+12,1.52795e+12,1.4094,0.17159
bl_OH_OH,OH + OH = H2O + O,1125,1.32676e+12,1.11753e+12,1.57458e+12,1.4090,0.17143
bl_OH_OH,OH + OH = H2O + O,1150,1.36848e+12,1.15237e+12,1.62439e+12,1.4096,0.17166
bl_OH_OH,OH + OH = H2O + O,1175,1.41151e+12,1.18829e+12,1.67578e+12,1.4102,0.17188
bl_OH_OH,OH + OH = H2O + O,1200,1.45590e+12,1.22532e+12,1.72878e+12,1.4109,0.17211
bl_OH_OH,OH + OH = H2O + O,1225,1.50168e+12,1.26352e+12,1.78347e+12,1.4115,0.17233
bl_OH_OH,OH + OH = H2O + O,1250,1.54902e+12,1.30290e+12,1.84045e+12,1.4126,0.17271
bl_OH_OH,OH + OH = H2O + O,1275,1.59784e+12,1.34351e+12,1.89952e+12,1.4138,0.17316
bl_OH_OH,OH + OH = H2O + O,1300,1.64820e+12,1.38539e+12,1.96048e+12,1.4151,0.17361
bl_OH_OH,OH + OH = H2O + O,1325,1.70015e+12,1.42857e+12,2.02341e+12,1.4164,0.17406
bl_OH_OH,OH + OH = H2O + O,1350,1.75374e+12,1.47309e+12,2.08835e+12,1.4177,0.17450
bl_OH_OH,OH + OH = H2O + O,1375,1.80902e+12,1.51901e+12,2.15537e+12,1.4189,0.17495
bl_OH_OH,OH + OH = H2O + O,1400,1.86603e+12,1.56467e+12,2.22455e+12,1.4217,0.17594
bl_OH_OH,OH + OH = H2O + O,1425,1.92485e+12,1.61146e+12,2.29595e+12,1.4248,0.17700
bl_OH_OH,OH + OH = H2O + O,1450,1.98405e+12,1.65965e+12,2.36964e+12,1.4278,0.17807
bl_OH_OH,OH + OH = H2O + O,1475,2.04388e+12,1.70920e+12,2.44570e+12,1.4309,0.17915
bl_OH_OH,OH + OH = H2O + O,1500,2.10552e+12,1.75817e+12,2.52218e+12,1.4346,0.18043
bl_OH_OH,OH + OH = H2O + O,1525,2.16901e+12,1.80854e+12,2.59914e+12,1.4371,0.18133
bl_OH_OH,OH + OH = H2O + O,1550,2.23242e+12,1.86035e+12,2.67844e+12,1.4398,0.18224
bl_OH_OH,OH + OH = H2O + O,1575,2.29688e+12,1.91316e+12,2.76016e+12,1.4427,0.18327
bl_OH_OH,OH + OH = H2O + O,1600,2.36321e+12,1.96547e+12,2.84100e+12,1.4455,0.18421
bl_OH_OH,OH + OH = H2O + O,1625,2.43071e+12,2.01921e+12,2.92389e+12,1.4480,0.18510
bl_OH_OH,OH + OH = H2O + O,1650,2.49770e+12,2.07442e+12,3.00920e+12,1.4506,0.18600
bl_OH_OH,OH + OH = H2O + O,1675,2.56655e+12,2.12851e+12,3.09583e+12,1.4545,0.18732
bl_OH_OH,OH + OH = H2O + O,1700,2.63729e+12,2.18400e+12,3.18184e+12,1.4569,0.18815
bl_OH_OH,OH + OH = H2O + O,1725,2.70709e+12,2.24094e+12,3.27024e+12,1.4593,0.18898
bl_OH_OH,OH + OH = H2O + O,1750,2.77818e+12,2.29761e+12,3.36109e+12,1.4629,0.19020
bl_OH_OH,OH + OH = H2O + O,1775,2.85113e+12,2.35450e+12,3.45125e+12,1.4658,0.19120
bl_OH_OH,OH + OH = H2O + O,1800,2.92427e+12,2.41279e+12,3.54253e+12,1.4682,0.19203
bl_OH_OH,OH + OH = H2O + O,1825,2.99738e+12,2.47231e+12,3.63622e+12,1.4708,0.19290
bl_OH_OH,OH + OH = H2O + O,1850,3.07231e+12,2.53056e+12,3.73111e+12,1.4744,0.19413
bl_OH_OH,OH + OH = H2O + O,1875,3.14896e+12,2.59018e+12,3.82505e+12,1.4768,0.19492
bl_OH_OH,OH + OH = H2O + O,1900,3.22389e+12,2.65121e+12,3.92136e+12,1.4791,0.19571
bl_OH_OH,OH + OH = H2O + O,1925,3.30060e+12,2.71081e+12,4.02009e+12,1.4830,0.19703
bl_OH_OH,OH + OH = H2O + O,1950,3.37914e+12,2.77150e+12,4.11857e+12,1.4860,0.19806
bl_OH_OH,OH + OH = H2O + O,1975,3.45770e+12,2.83354e+12,4.21758e+12,1.4884,0.19887
bl_OH_OH,OH + OH = H2O + O,2000,3.53605e+12,2.89698e+12,4.31897e+12,1.4909,0.19967
bl_OH_OH,OH + OH = H2O + O,2025,3.61618e+12,2.95863e+12,4.42152e+12,1.4945,0.20088
bl_OH_OH,OH + OH = H2O + O,2050,3.69812e+12,3.02145e+12,4.52314e+12,1.4970,0.20173
bl_OH_OH,OH + OH = H2O + O,2075,3.77911e+12,3.08561e+12,4.62709e+12,1.4996,0.20259
bl_OH_OH,OH + OH = H2O + O,2100,3.86076e+12,3.15100e+12,4.73342e+12,1.5022,0.20346
bl_OH_OH,OH + OH = H2O + O,2125,3.94417e+12,3.21470e+12,4.84096e+12,1.5059,0.20469
bl_OH_OH,OH + OH = H2O + O,2150,4.02938e+12,3.27968e+12,4.94692e+12,1.5084,0.20551
bl_OH_OH,OH + OH = H2O + O,2175,4.11378e+12,3.34598e+12,5.05519e+12,1.5108,0.20633
bl_OH_OH,OH + OH = H2O + O,2200,4.19869e+12,3.41362e+12,5.16584e+12,1.5133,0.20715
bl_OH_OH,OH + OH = H2O + O,2225,4.28535e+12,3.47999e+12,5.27891e+12,1.5169,0.20835
bl_OH_OH,OH + OH = H2O + O,2250,4.37379e+12,3.54714e+12,5.39230e+12,1.5202,0.20942
bl_OH_OH,OH + OH = H2O + O,2275,4.46285e+12,3.61558e+12,5.50485e+12,1.5225,0.21019
bl_OH_OH,OH + OH = H2O + O,2300,4.55109e+12,3.68535e+12,5.61975e+12,1.5249,0.21096
bl_OH_OH,OH + OH = H2O + O,2325,4.64108e+12,3.75597e+12,5.73704e+12,1.5274,0.21180
bl_OH_OH,OH + OH = H2O + O,2350,4.73284e+12,3.82594e+12,5.85678e+12,1.5308,0.21290
bl_OH_OH,OH + OH = H2O + O,2375,4.82642e+12,3.89721e+12,5.97792e+12,1.5339,0.21391
bl_OH_OH,OH + OH = H2O + O,2400,4.92023e+12,3.96981e+12,6.09798e+12,1.5361,0.21462
bl_OH_OH,OH + OH = H2O + O,2425,5.01406e+12,4.04200e+12,6.22045e+12,1.5390,0.21555
bl_OH_OH,OH + OH = H2O + O,2450,5.10969e+12,4.11551e+12,6.34539e+12,1.5418,0.21648
bl_OH_OH,OH + OH = H2O + O,2475,5.20714e+12,4.19035e+12,6.47283e+12,1.5447,0.21742
br_HOOOOH,HO2 + HO2 = HOOOOH,250,2.01674e+11,1.50206e+10,2.68450e+12,178.7209,2.59291
br_HOOOOH,HO2 + HO2 = HOOOOH,275,1.42879e+11,9.80847e+09,2.08961e+12,213.0409,2.68074
br_HOOOOH,HO2 + HO2 = HOOOOH,300,1.02986e+11,6.40514e+09,1.62658e+12,253.9495,2.76857
br_HOOOOH,HO2 + HO2 = HOOOOH,325,7.42877e+10,4.35163e+09,1.30471e+12,299.8205,2.85159
br_HOOOOH,HO2 + HO2 = HOOOOH,350,5.56514e+10,2.95663e+09,1.04655e+12,353.9687,2.93460
br_HOOOOH,HO2 + HO2 = HOOOOH,375,4.27136e+10,2.12974e+09,8.65443e+11,406.3606,3.00362
br_HOOOOH,HO2 + HO2 = HOOOOH,400,3.31037e+10,1.53411e+09,7.15692e+11,466.5182,3.07265
br_HOOOOH,HO2 + HO2 = HOOOOH,425,2.57834e+10,1.10506e+09,6.07047e+11,549.3319,3.15435
br_HOOOOH,HO2 + HO2 = HOOOOH,450,2.03013e+10,7.96050e+08,5.14885e+11,646.7996,3.23602
br_HOOOOH,HO2 + HO2 = HOOOOH,475,1.60177e+10,6.02593e+08,4.28017e+11,710.2921,3.28284
br_HOOOOH,HO2 + HO2 = HOOOOH,500,1.27474e+10,4.56151e+08,3.55808e+11,780.0238,3.32966
br_HOOOOH,HO2 + HO2 = HOOOOH,525,1.01483e+10,3.45297e+08,2.98004e+11,863.0389,3.38023
br_HOOOOH,HO2 + HO2 = HOOOOH,550,8.07920e+09,2.61378e+08,2.49598e+11,954.9312,3.43082
br_HOOOOH,HO2 + HO2 = HOOOOH,575,6.46109e+09,1.95077e+08,2.13843e+11,1096.2008,3.49980
br_HOOOOH,HO2 + HO2 = HOOOOH,600,5.17148e+09,1.45594e+08,1.83213e+11,1258.3875,3.56879
br_HOOOOH,HO2 + HO2 = HOOOOH,625,4.13927e+09,1.08662e+08,1.58683e+11,1460.3296,3.64321
br_HOOOOH,HO2 + HO2 = HOOOOH,650,3.35217e+09,8.11038e+07,1.37437e+11,1694.5795,3.71759
br_HOOOOH,HO2 + HO2 = HOOOOH,675,2.73099e+09,6.30854e+07,1.19036e+11,1886.8943,3.77134
br_HOOOOH,HO2 + HO2 = HOOOOH,700,2.24997e+09,4.90746e+07,1.03096e+11,2100.8118,3.82504
br_HOOOOH,HO2 + HO2 = HOOOOH,725,1.88374e+09,4.06115e+07,8.84504e+10,2177.9669,3.84307
br_HOOOOH,HO2 + HO2 = HOOOOH,750,1.59986e+09,3.36115e+07,7.58845e+10,2257.6950,3.86105
br_HOOOOH,HO2 + HO2 = HOOOOH,775,1.38004e+09,2.97817e+07,6.47996e+10,2175.8155,3.84258
br_HOOOOH,HO2 + HO2 = HOOOOH,800,1.21014e+09,2.63910e+07,5.53343e+10,2096.7067,3.82406
br_HOOOOH,HO2 + HO2 = HOOOOH,825,1.07898e+09,2.48741e+07,4.74557e+10,1907.8351,3.77686
br_HOOOOH,HO2 + HO2 = HOOOOH,850,9.77577e+08,2.34464e+07,4.06999e+10,1735.8722,3.72963
br_HOOOOH,HO2 + HO2 = HOOOOH,875,8.99772e+08,2.32021e+07,3.54011e+10,1525.7732,3.66513
br_HOOOOH,HO2 + HO2 = HOOOOH,900,8.41064e+08,2.29617e+07,3.07933e+10,1341.0720,3.60061
br_HOOOOH,HO2 + HO2 = HOOOOH,925,7.97612e+08,2.35177e+07,2.73688e+10,1163.7536,3.52970
br_HOOOOH,HO2 + HO2 = HOOOOH,950,7.66076e+08,2.40881e+07,2.43262e+10,1009.8875,3.45880
br_HOOOOH,HO2 + HO2 = HOOOOH,975,7.44425e+08,2.52170e+07,2.21800e+10,879.5660,3.38971
br_HOOOOH,HO2 + HO2 = HOOOOH,1000,7.31074e+08,2.63995e+07,2.02242e+10,766.0830,3.32065
br_HOOOOH,HO2 + HO2 = HOOOOH,1025,7.24782e+08,2.79806e+07,1.89273e+10,676.4438,3.25842
br_HOOOOH,HO2 + HO2 = HOOOOH,1050,7.25149e+08,2.96567e+07,1.77144e+10,597.3167,3.19622
br_HOOOOH,HO2 + HO2 = HOOOOH,1075,7.31242e+08,3.15983e+07,1.69830e+10,537.4639,3.14343
br_HOOOOH,HO2 + HO2 = HOOOOH,1100,7.41789e+08,3.36671e+07,1.62824e+10,483.6301,3.09066
br_HOOOOH,HO2 + HO2 = HOOOOH,1125,7.56035e+08,3.58713e+07,1.59354e+10,444.2384,3.04818
br_HOOOOH,HO2 + HO2 = HOOOOH,1150,7.75013e+08,3.82198e+07,1.55964e+10,408.0707,3.00572
br_HOOOOH,HO2 + HO2 = HOOOOH,1175,7.97451e+08,4.07221e+07,1.55188e+10,381.0903,2.97152
br_HOOOOH,HO2 + HO2 = HOOOOH,1200,8.22570e+08,4.33882e+07,1.54421e+10,355.9043,2.93733
br_HOOOOH,HO2 + HO2 = HOOOOH,1225,8.51527e+08,4.62289e+07,1.55586e+10,336.5566,2.90938
br_HOOOOH,HO2 + HO2 = HOOOOH,1250,8.82718e+08,4.92555e+07,1.56764e+10,318.2676,2.88145
br_HOOOOH,HO2 + HO2 = HOOOOH,1275,9.15976e+08,5.24804e+07,1.59350e+10,303.6369,2.85792
br_HOOOOH,HO2 + HO2 = HOOOOH,1300,9.52505e+08,5.59153e+07,1.61980e+10,289.6879,2.83440
br_HOOOOH,HO2 + HO2 = HOOOOH,1325,9.90492e+08,5.91756e+07,1.65588e+10,279.8258,2.81708
br_HOOOOH,HO2 + HO2 = HOOOOH,1350,1.02999e+09,6.26254e+07,1.69279e+10,270.3038,2.79977
br_HOOOOH,HO2 + HO2 = HOOOOH,1375,1.07107e+09,6.60645e+07,1.73562e+10,262.7163,2.78554
br_HOOOOH,HO2 + HO2 = HOOOOH,1400,1.11270e+09,6.96917e+07,1.77954e+10,255.3450,2.77131
br_HOOOOH,HO2 + HO2 = HOOOOH,1425,1.15568e+09,7.31874e+07,1.82458e+10,249.3020,2.75933
br_HOOOOH,HO2 + HO2 = HOOOOH,1450,1.20031e+09,7.68583e+07,1.87075e+10,243.4020,2.74736
br_HOOOOH,HO2 + HO2 = HOOOOH,1475,1.24667e+09,8.07134e+07,1.91809e+10,237.6416,2.73538
br_HOOOOH,HO2 + HO2 = HOOOOH,1500,1.29193e+09,8.47606e+07,1.96662e+10,232.0210,2.72341
br_HOOOOH,HO2 + HO2 = HOOOOH,1525,1.33686e+09,8.85461e+07,2.01639e+10,227.7220,2.71406
br_HOOOOH,HO2 + HO2 = HOOOOH,1550,1.38336e+09,9.25006e+07,2.06739e+10,223.4998,2.70471
br_HOOOOH,HO2 + HO2 = HOOOOH,1575,1.42873e+09,9.66318e+07,2.11043e+10,218.3994,2.69316
br_HOOOOH,HO2 + HO2 = HOOOOH,1600,1.47258e+09,1.00946e+08,2.15435e+10,213.4160,2.68162
br_HOOOOH,HO2 + HO2 = HOOOOH,1625,1.51777e+09,1.04997e+08,2.19169e+10,208.7384,2.67054
br_HOOOOH,HO2 + HO2 = HOOOOH,1650,1.56052e+09,1.09210e+08,2.22964e+10,204.1609,2.65945
br_HOOOOH,HO2 + HO2 = HOOOOH,1675,1.60191e+09,1.13593e+08,2.25979e+10,198.9385,2.64650
br_HOOOOH,HO2 + HO2 = HOOOOH,1700,1.64439e+09,1.18149e+08,2.29032e+10,193.8496,2.63354
br_HOOOOH,HO2 + HO2 = HOOOOH,1725,1.68256e+09,1.22421e+08,2.31233e+10,188.8838,2.62057
br_HOOOOH,HO2 + HO2 = HOOOOH,1750,1.72024e+09,1.26847e+08,2.33453e+10,184.0429,2.60758
br_HOOOOH,HO2 + HO2 = HOOOOH,1775,1.75875e+09,1.31433e+08,2.34803e+10,178.6481,2.59271
br_HOOOOH,HO2 + HO2 = HOOOOH,1800,1.79111e+09,1.36183e+08,2.36158e+10,173.4116,2.57783
br_HOOOOH,HO2 + HO2 = HOOOOH,1825,1.82406e+09,1.40573e+08,2.36674e+10,168.3637,2.56306
br_HOOOOH,HO2 + HO2 = HOOOOH,1850,1.85647e+09,1.45104e+08,2.37189e+10,163.4608,2.54829
br_HOOOOH,HO2 + HO2 = HOOOOH,1875,1.88347e+09,1.49782e+08,2.36933e+10,158.1853,2.53188
br_HOOOOH,HO2 + HO2 = HOOOOH,1900,1.91086e+09,1.54608e+08,2.36674e+10,153.0802,2.51548
br_HOOOOH,HO2 + HO2 = HOOOOH,1925,1.93721e+09,1.58928e+08,2.35461e+10,148.1563,2.49913
br_HOOOOH,HO2 + HO2 = HOOOOH,1950,1.95826e+09,1.63368e+08,2.34255e+10,143.3907,2.48279
br_HOOOOH,HO2 + HO2 = HOOOOH,1975,1.97954e+09,1.67933e+08,2.33055e+10,138.7784,2.46644
br_HOOOOH,HO2 + HO2 = HOOOOH,2000,2.00021e+09,1.72622e+08,2.31858e+10,134.3149,2.45009
br_HOOOOH,HO2 + HO2 = HOOOOH,2025,2.01506e+09,1.76599e+08,2.29787e+10,130.1183,2.43422
br_HOOOOH,HO2 + HO2 = HOOOOH,2050,2.03002e+09,1.80667e+08,2.27736e+10,126.0528,2.41835
br_HOOOOH,HO2 + HO2 = HOOOOH,2075,2.04509e+09,1.84829e+08,2.25703e+10,122.1143,2.40248
br_HOOOOH,HO2 + HO2 = HOOOOH,2100,2.05448e+09,1.89084e+08,2.23686e+10,118.3001,2.38661
br_HOOOOH,HO2 + HO2 = HOOOOH,2125,2.06314e+09,1.92666e+08,2.21343e+10,114.8844,2.37196
br_HOOOOH,HO2 + HO2 = HOOOOH,2150,2.07185e+09,1.96314e+08,2.19025e+10,111.5686,2.35732
br_HOOOOH,HO2 + HO2 = HOOOOH,2175,2.07811e+09,1.99459e+08,2.16731e+10,108.6594,2.34411
br_HOOOOH,HO2 + HO2 = HOOOOH,2200,2.08073e+09,2.02652e+08,2.14461e+10,105.8274,2.33090
br_HOOOOH,HO2 + HO2 = HOOOOH,2225,2.08336e+09,2.05280e+08,2.12215e+10,103.3781,2.31920
br_HOOOOH,HO2 + HO2 = HOOOOH,2250,2.08599e+09,2.07940e+08,2.09992e+10,100.9869,2.30750
br_HOOOOH,HO2 + HO2 = HOOOOH,2275,2.08501e+09,2.09985e+08,2.07793e+10,98.9560,2.29734
br_HOOOOH,HO2 + HO2 = HOOOOH,2300,2.08202e+09,2.12047e+08,2.05617e+10,96.9673,2.28719
br_HOOOOH,HO2 + HO2 = HOOOOH,2325,2.07905e+09,2.13454e+08,2.03463e+10,95.3196,2.27862
br_HOOOOH,HO2 + HO2 = HOOOOH,2350,2.07607e+09,2.14866e+08,2.01332e+10,93.7011,2.27005
br_HOOOOH,HO2 + HO2 = HOOOOH,2375,2.07069e+09,2.15600e+08,1.99223e+10,92.4040,2.26309
br_HOOOOH,HO2 + HO2 = HOOOOH,2400,2.06276e+09,2.16334e+08,1.97140e+10,91.1274,2.25613
br_HOOOOH,HO2 + HO2 = HOOOOH,2425,2.05485e+09,2.16379e+08,1.95686e+10,90.4365,2.25232
br_HOOOOH,HO2 + HO2 = HOOOOH,2450,2.04698e+09,2.16421e+08,1.94242e+10,89.7521,2.24853
br_HOOOOH,HO2 + HO2 = HOOOOH,2475,2.03914e+09,2.15781e+08,1.92810e+10,89.3541,2.24630
