"# Burke, Klippenstein & Harding, Proc. Combust. Inst. 34 (2013) 547-555, Supplemental Fig. S4"
# BLUE series = constrained model (targets I-IV). Extracted from PDF vector coordinates.
# k in cm3 mol-1 s-1. k_model = blue centerline interpolated onto the error-bar temperatures.
# half_width_lnk = 0.5*ln(k_upper/k_lower). Paper states bounds are INTENDED as 2 sigma (tentative).
reaction_id,reaction,T_K,k_model,k_lower,k_upper,factor_hi_over_lo,half_width_lnk
R2,H2O2 + OH = HO2 + H2O,195.62,4.28605e+12,2.51080e+12,7.08990e+12,2.8238,0.51903
R2,H2O2 + OH = HO2 + H2O,224.34,3.26318e+12,1.91170e+12,5.39810e+12,2.8237,0.51903
R2,H2O2 + OH = HO2 + H2O,247.67,2.51076e+12,1.56640e+12,4.15330e+12,2.6515,0.48756
R2,H2O2 + OH = HO2 + H2O,271.00,2.03581e+12,1.27010e+12,3.26330e+12,2.5693,0.47182
R2,H2O2 + OH = HO2 + H2O,299.71,1.77643e+12,1.10820e+12,2.75930e+12,2.4899,0.45612
R2,H2O2 + OH = HO2 + H2O,323.04,1.56642e+12,1.00840e+12,2.40770e+12,2.3876,0.43515
R2,H2O2 + OH = HO2 + H2O,346.37,1.45556e+12,9.37060e+11,2.19090e+12,2.3381,0.42466
R2,H2O2 + OH = HO2 + H2O,375.09,1.36678e+12,9.08040e+11,1.97280e+12,2.1726,0.38796
R2,H2O2 + OH = HO2 + H2O,396.63,1.27006e+12,8.79920e+11,1.85250e+12,2.1053,0.37223
R2,H2O2 + OH = HO2 + H2O,419.96,1.27006e+12,8.79920e+11,1.77640e+12,2.0188,0.35126
R2,H2O2 + OH = HO2 + H2O,448.67,1.23073e+12,9.08040e+11,1.72140e+12,1.8957,0.31980
R2,H2O2 + OH = HO2 + H2O,472.00,1.27006e+12,9.08040e+11,1.72140e+12,1.8957,0.31980
R2,H2O2 + OH = HO2 + H2O,495.33,1.27006e+12,9.37060e+11,1.72140e+12,1.8370,0.30407
R2,H2O2 + OH = HO2 + H2O,524.05,1.32446e+12,9.77200e+11,1.72140e+12,1.7616,0.28310
R2,H2O2 + OH = HO2 + H2O,547.38,1.32446e+12,1.00840e+12,1.72140e+12,1.7071,0.26739
R2,H2O2 + OH = HO2 + H2O,570.71,1.36678e+12,1.07390e+12,1.77640e+12,1.6542,0.25165
R2,H2O2 + OH = HO2 + H2O,599.43,1.45555e+12,1.10820e+12,1.85250e+12,1.6716,0.25690
R2,H2O2 + OH = HO2 + H2O,622.76,1.50206e+12,1.19260e+12,1.91170e+12,1.6030,0.23593
R2,H2O2 + OH = HO2 + H2O,646.09,1.56639e+12,1.23070e+12,1.97280e+12,1.6030,0.23594
R2,H2O2 + OH = HO2 + H2O,674.80,1.61644e+12,1.32450e+12,2.03580e+12,1.5370,0.21493
R2,H2O2 + OH = HO2 + H2O,696.34,1.72141e+12,1.41050e+12,2.10090e+12,1.4895,0.19921
R2,H2O2 + OH = HO2 + H2O,719.67,1.77641e+12,1.50200e+12,2.19090e+12,1.4587,0.18876
R2,H2O2 + OH = HO2 + H2O,748.38,1.91168e+12,1.61640e+12,2.26090e+12,1.3987,0.16778
R2,H2O2 + OH = HO2 + H2O,771.72,2.03584e+12,1.66810e+12,2.40770e+12,1.4434,0.18349
R2,H2O2 + OH = HO2 + H2O,795.05,2.10092e+12,1.77640e+12,2.51080e+12,1.4134,0.17301
R2,H2O2 + OH = HO2 + H2O,823.76,2.26088e+12,1.91170e+12,2.59110e+12,1.3554,0.15204
R2,H2O2 + OH = HO2 + H2O,847.09,2.33313e+12,2.03580e+12,2.75930e+12,1.3554,0.15204
R2,H2O2 + OH = HO2 + H2O,870.42,2.51080e+12,2.19090e+12,2.84750e+12,1.2997,0.13106
R2,H2O2 + OH = HO2 + H2O,899.14,2.59107e+12,2.26090e+12,3.06430e+12,1.3553,0.15203
R2,H2O2 + OH = HO2 + H2O,922.47,2.75932e+12,2.40770e+12,3.16230e+12,1.3134,0.13631
R2,H2O2 + OH = HO2 + H2O,944.01,2.96947e+12,2.59110e+12,3.36760e+12,1.2997,0.13106
R2,H2O2 + OH = HO2 + H2O,974.52,3.06438e+12,2.75930e+12,3.51180e+12,1.2727,0.12058
R2,H2O2 + OH = HO2 + H2O,996.05,3.26331e+12,2.84750e+12,3.62410e+12,1.2727,0.12058
R2,H2O2 + OH = HO2 + H2O,1019.38,3.36760e+12,3.06430e+12,3.85940e+12,1.2595,0.11535
R2,H2O2 + OH = HO2 + H2O,1048.10,3.62410e+12,3.26330e+12,3.98270e+12,1.2205,0.09961
R2,H2O2 + OH = HO2 + H2O,1071.43,3.73991e+12,3.36760e+12,4.28610e+12,1.2727,0.12059
R2,H2O2 + OH = HO2 + H2O,1094.76,3.98273e+12,3.62410e+12,4.42300e+12,1.2204,0.09961
R2,H2O2 + OH = HO2 + H2O,1123.47,4.28601e+12,3.73990e+12,4.71020e+12,1.2594,0.11534
R2,H2O2 + OH = HO2 + H2O,1146.81,4.42304e+12,3.98270e+12,4.91200e+12,1.2333,0.10486
R2,H2O2 + OH = HO2 + H2O,1170.14,4.56439e+12,4.15330e+12,5.23090e+12,1.2595,0.11534
R2,H2O2 + OH = HO2 + H2O,1198.85,4.91196e+12,4.42300e+12,5.39810e+12,1.2205,0.09961
R2,H2O2 + OH = HO2 + H2O,1222.18,5.06892e+12,4.56440e+12,5.80920e+12,1.2727,0.12058
R2,H2O2 + OH = HO2 + H2O,1250.90,5.39812e+12,4.91200e+12,5.99480e+12,1.2204,0.09961
R2,H2O2 + OH = HO2 + H2O,1272.43,5.62926e+12,5.06890e+12,6.18640e+12,1.2205,0.09961
R2,H2O2 + OH = HO2 + H2O,1295.76,5.99478e+12,5.23090e+12,6.65750e+12,1.2727,0.12058
R2,H2O2 + OH = HO2 + H2O,1324.48,6.18642e+12,5.62930e+12,6.87030e+12,1.2205,0.09961
R2,H2O2 + OH = HO2 + H2O,1347.81,6.38409e+12,5.80920e+12,7.31640e+12,1.2595,0.11534
R2,H2O2 + OH = HO2 + H2O,1371.14,6.87029e+12,5.99480e+12,7.55020e+12,1.2595,0.11534
R2,H2O2 + OH = HO2 + H2O,1399.86,7.08989e+12,6.38410e+12,7.87360e+12,1.2333,0.10485
R2,H2O2 + OH = HO2 + H2O,1423.19,7.31644e+12,6.65750e+12,8.38490e+12,1.2595,0.11534
R2,H2O2 + OH = HO2 + H2O,1446.52,7.55024e+12,6.87030e+12,8.65280e+12,1.2595,0.11534
R2,H2O2 + OH = HO2 + H2O,1475.23,8.12516e+12,7.08990e+12,8.92940e+12,1.2595,0.11534
R2,H2O2 + OH = HO2 + H2O,1498.56,8.38482e+12,7.55020e+12,9.31180e+12,1.2333,0.10485
R2,H2O2 + OH = HO2 + H2O,1521.90,8.65285e+12,7.87360e+12,9.91640e+12,1.2594,0.11534
R2,H2O2 + OH = HO2 + H2O,1550.61,8.92935e+12,8.12520e+12,1.02330e+13,1.2594,0.11532
R2,H2O2 + OH = HO2 + H2O,1572.15,9.60942e+12,8.38490e+12,1.06720e+13,1.2728,0.12060
R2,H2O2 + OH = HO2 + H2O,1595.48,9.91646e+12,8.65280e+12,1.10130e+13,1.2728,0.12060
R2,H2O2 + OH = HO2 + H2O,1624.19,1.02333e+13,8.92940e+12,1.17280e+13,1.3134,0.13631
R2,H2O2 + OH = HO2 + H2O,1647.52,1.06716e+13,9.31180e+12,1.21030e+13,1.2997,0.13109
R2,H2O2 + OH = HO2 + H2O,1670.85,1.10126e+13,9.60940e+12,1.26210e+13,1.3134,0.13631
R2,H2O2 + OH = HO2 + H2O,1699.57,1.13646e+13,1.02330e+13,1.30240e+13,1.2727,0.12059
R2,H2O2 + OH = HO2 + H2O,1722.90,1.17278e+13,1.06720e+13,1.34400e+13,1.2594,0.11531
R2,H2O2 + OH = HO2 + H2O,1746.23,1.26209e+13,1.10130e+13,1.38700e+13,1.2594,0.11533
R2,H2O2 + OH = HO2 + H2O,1774.95,1.30243e+13,1.13650e+13,1.49260e+13,1.3133,0.13628
R2,H2O2 + OH = HO2 + H2O,1798.28,1.34406e+13,1.17280e+13,1.54030e+13,1.3134,0.13629
R2,H2O2 + OH = HO2 + H2O,1819.81,1.38699e+13,1.21030e+13,1.58960e+13,1.3134,0.13631
R2,H2O2 + OH = HO2 + H2O,1850.32,1.43132e+13,1.26210e+13,1.64030e+13,1.2997,0.13105
R2,H2O2 + OH = HO2 + H2O,1871.86,1.49264e+13,1.30240e+13,1.69280e+13,1.2998,0.13109
R2,H2O2 + OH = HO2 + H2O,1895.19,1.54033e+13,1.34400e+13,1.76530e+13,1.3135,0.13634
R2,H2O2 + OH = HO2 + H2O,1923.91,1.58956e+13,1.38700e+13,1.82170e+13,1.3134,0.13631
R2,H2O2 + OH = HO2 + H2O,1947.24,1.64035e+13,1.38700e+13,1.87990e+13,1.3554,0.15204
R2,H2O2 + OH = HO2 + H2O,1970.57,1.69277e+13,1.43130e+13,1.94000e+13,1.3554,0.15205
R2,H2O2 + OH = HO2 + H2O,1999.28,1.76527e+13,1.49260e+13,2.00200e+13,1.3413,0.14681
R2,H2O2 + OH = HO2 + H2O,2022.61,1.82168e+13,1.54030e+13,2.08770e+13,1.3554,0.15204
R2,H2O2 + OH = HO2 + H2O,2045.94,1.87989e+13,1.58960e+13,2.15440e+13,1.3553,0.15201
R2,H2O2 + OH = HO2 + H2O,2074.66,1.87990e+13,1.64030e+13,2.22330e+13,1.3554,0.15206
R2,H2O2 + OH = HO2 + H2O,2097.99,1.93998e+13,1.69280e+13,2.29430e+13,1.3553,0.15202
R2,H2O2 + OH = HO2 + H2O,2119.53,2.00198e+13,1.76530e+13,2.39260e+13,1.3554,0.15203
R2,H2O2 + OH = HO2 + H2O,2150.04,2.08773e+13,1.82170e+13,2.46910e+13,1.3554,0.15204
R2,H2O2 + OH = HO2 + H2O,2171.57,2.15442e+13,1.82170e+13,2.54800e+13,1.3987,0.16777
R2,H2O2 + OH = HO2 + H2O,2194.90,2.22328e+13,1.87990e+13,2.62940e+13,1.3987,0.16777
R2,H2O2 + OH = HO2 + H2O,2223.62,2.29434e+13,1.94000e+13,2.71340e+13,1.3987,0.16776
R2,H2O2 + OH = HO2 + H2O,2246.95,2.39260e+13,2.00200e+13,2.71340e+13,1.3553,0.15203
R2,H2O2 + OH = HO2 + H2O,2270.28,2.39260e+13,2.08770e+13,2.82960e+13,1.3554,0.15204
R2,H2O2 + OH = HO2 + H2O,2298.99,2.46904e+13,2.08770e+13,2.92010e+13,1.3987,0.16778
R2,H2O2 + OH = HO2 + H2O,2322.33,2.54798e+13,2.15440e+13,3.01340e+13,1.3987,0.16778
R2,H2O2 + OH = HO2 + H2O,2345.66,2.62939e+13,2.22330e+13,3.10970e+13,1.3987,0.16777
R2,H2O2 + OH = HO2 + H2O,2374.37,2.71340e+13,2.29430e+13,3.20900e+13,1.3987,0.16777
R2,H2O2 + OH = HO2 + H2O,2397.70,2.82961e+13,2.29430e+13,3.34650e+13,1.4586,0.18874
R2,H2O2 + OH = HO2 + H2O,2419.24,2.82963e+13,2.39260e+13,3.34650e+13,1.3987,0.16777
R2,H2O2 + OH = HO2 + H2O,2447.95,2.92005e+13,2.46910e+13,3.45340e+13,1.3986,0.16775
R2,H2O2 + OH = HO2 + H2O,2471.29,3.01339e+13,2.54800e+13,3.56380e+13,1.3987,0.16776
R2,H2O2 + OH = HO2 + H2O,2500.00,3.10966e+13,2.54800e+13,3.67770e+13,1.4434,0.18349
R3,HO2 + HO2 = H2O2 + O2,195.62,7.20978e+12,7.20980e+11,7.48710e+13,103.8462,2.32146
R3,HO2 + HO2 = H2O2 + O2,224.34,5.26366e+12,5.46640e+11,5.19810e+13,95.0918,2.27742
R3,HO2 + HO2 = H2O2 + O2,247.67,3.94103e+12,4.09280e+11,3.79520e+13,92.7287,2.26484
R3,HO2 + HO2 = H2O2 + O2,271.00,2.98814e+12,3.22250e+11,2.73630e+13,84.9123,2.22081
R3,HO2 + HO2 = H2O2 + O2,299.71,2.32343e+12,2.63490e+11,2.07460e+13,78.7354,2.18305
R3,HO2 + HO2 = H2O2 + O2,323.04,1.89978e+12,2.23730e+11,1.55330e+13,69.4274,2.12014
R3,HO2 + HO2 = H2O2 + O2,346.37,1.55336e+12,1.99780e+11,1.27010e+13,63.5749,2.07611
R3,HO2 + HO2 = H2O2 + O2,375.09,1.31891e+12,1.82930e+11,1.00000e+13,54.6657,2.00062
R3,HO2 + HO2 = H2O2 + O2,396.63,1.17768e+12,1.69630e+11,8.49100e+12,50.0560,1.95657
R3,HO2 + HO2 = H2O2 + O2,419.96,1.03846e+12,1.55330e+11,6.94270e+12,44.6965,1.89995
R3,HO2 + HO2 = H2O2 + O2,448.67,9.62957e+11,1.49580e+11,5.89510e+12,39.4110,1.83702
R3,HO2 + HO2 = H2O2 + O2,472.00,8.81778e+11,1.44040e+11,5.26390e+12,36.5447,1.79927
R3,HO2 + HO2 = H2O2 + O2,495.33,8.17658e+11,1.44040e+11,4.64160e+12,32.2244,1.73636
R3,HO2 + HO2 = H2O2 + O2,524.05,7.58193e+11,1.38700e+11,4.09280e+12,29.5083,1.69234
R3,HO2 + HO2 = H2O2 + O2,547.38,7.20981e+11,1.38700e+11,3.65460e+12,26.3490,1.63571
R3,HO2 + HO2 = H2O2 + O2,570.71,6.94271e+11,1.44040e+11,3.34650e+12,23.2331,1.57279
R3,HO2 + HO2 = H2O2 + O2,599.43,6.68548e+11,1.44040e+11,3.10320e+12,21.5440,1.53505
R3,HO2 + HO2 = H2O2 + O2,622.76,6.43783e+11,1.44040e+11,2.84150e+12,19.7272,1.49100
R3,HO2 + HO2 = H2O2 + O2,646.09,6.12189e+11,1.49580e+11,2.63490e+12,17.6153,1.43438
R3,HO2 + HO2 = H2O2 + O2,674.80,6.12189e+11,1.49580e+11,2.53730e+12,16.9628,1.41551
R3,HO2 + HO2 = H2O2 + O2,696.34,6.12188e+11,1.55330e+11,2.32340e+12,14.9578,1.35262
R3,HO2 + HO2 = H2O2 + O2,719.67,5.89509e+11,1.63350e+11,2.23730e+12,13.6964,1.30856
R3,HO2 + HO2 = H2O2 + O2,748.38,5.89509e+11,1.69630e+11,2.15440e+12,12.7006,1.27082
R3,HO2 + HO2 = H2O2 + O2,771.72,5.89509e+11,1.69630e+11,2.07460e+12,12.2301,1.25195
R3,HO2 + HO2 = H2O2 + O2,795.05,5.89509e+11,1.76160e+11,1.99780e+12,11.3408,1.21420
R3,HO2 + HO2 = H2O2 + O2,823.76,5.89509e+11,1.82930e+11,1.89970e+12,10.3848,1.17017
R3,HO2 + HO2 = H2O2 + O2,847.09,6.12187e+11,1.89970e+11,1.89970e+12,10.0000,1.15129
R3,HO2 + HO2 = H2O2 + O2,870.42,6.12189e+11,1.99780e+11,1.82930e+12,9.1566,1.10724
R3,HO2 + HO2 = H2O2 + O2,899.14,6.12189e+11,2.07460e+11,1.82930e+12,8.8176,1.08838
R3,HO2 + HO2 = H2O2 + O2,922.47,6.12191e+11,2.15440e+11,1.82930e+12,8.4910,1.06950
R3,HO2 + HO2 = H2O2 + O2,944.01,6.43788e+11,2.23730e+11,1.76160e+12,7.8738,1.03177
R3,HO2 + HO2 = H2O2 + O2,974.52,6.43793e+11,2.44330e+11,1.76160e+12,7.2099,0.98773
R3,HO2 + HO2 = H2O2 + O2,996.05,6.68551e+11,2.53730e+11,1.76160e+12,6.9428,0.96885
R3,HO2 + HO2 = H2O2 + O2,1019.38,6.68553e+11,2.63490e+11,1.76160e+12,6.6856,0.94998
R3,HO2 + HO2 = H2O2 + O2,1048.10,6.94270e+11,2.73630e+11,1.76160e+12,6.4379,0.93110
R3,HO2 + HO2 = H2O2 + O2,1071.43,6.94272e+11,2.84150e+11,1.76160e+12,6.1995,0.91224
R3,HO2 + HO2 = H2O2 + O2,1094.76,7.20982e+11,2.98820e+11,1.76160e+12,5.8952,0.88707
R3,HO2 + HO2 = H2O2 + O2,1123.47,7.58189e+11,3.10310e+11,1.76160e+12,5.6769,0.86820
R3,HO2 + HO2 = H2O2 + O2,1146.81,7.58201e+11,3.22250e+11,1.76160e+12,5.4666,0.84933
R3,HO2 + HO2 = H2O2 + O2,1170.14,7.87365e+11,3.34650e+11,1.82930e+12,5.4663,0.84930
R3,HO2 + HO2 = H2O2 + O2,1198.85,8.17647e+11,3.51920e+11,1.82930e+12,5.1981,0.82414
R3,HO2 + HO2 = H2O2 + O2,1222.18,8.17648e+11,3.65460e+11,1.82930e+12,5.0055,0.80527
R3,HO2 + HO2 = H2O2 + O2,1250.90,8.49110e+11,3.79520e+11,1.82930e+12,4.8200,0.78639
R3,HO2 + HO2 = H2O2 + O2,1272.43,8.81764e+11,3.94120e+11,1.89970e+12,4.8201,0.78640
R3,HO2 + HO2 = H2O2 + O2,1295.76,8.81769e+11,4.30410e+11,1.89970e+12,4.4137,0.74236
R3,HO2 + HO2 = H2O2 + O2,1324.48,9.27283e+11,4.46970e+11,1.99780e+12,4.4697,0.74866
R3,HO2 + HO2 = H2O2 + O2,1347.81,9.62952e+11,4.64160e+11,1.99780e+12,4.3041,0.72979
R3,HO2 + HO2 = H2O2 + O2,1371.14,9.99999e+11,4.82010e+11,2.07460e+12,4.3041,0.72978
R3,HO2 + HO2 = H2O2 + O2,1399.86,1.00001e+12,5.00560e+11,2.07460e+12,4.1446,0.71090
R3,HO2 + HO2 = H2O2 + O2,1423.19,1.03847e+12,5.26400e+11,2.15440e+12,4.0927,0.70460
R3,HO2 + HO2 = H2O2 + O2,1446.52,1.07842e+12,5.46640e+11,2.15440e+12,3.9412,0.68574
R3,HO2 + HO2 = H2O2 + O2,1475.23,1.13407e+12,5.67670e+11,2.23730e+12,3.9412,0.68574
R3,HO2 + HO2 = H2O2 + O2,1498.56,1.13408e+12,5.89510e+11,2.23730e+12,3.7952,0.66687
R3,HO2 + HO2 = H2O2 + O2,1521.90,1.17772e+12,6.12190e+11,2.32340e+12,3.7952,0.66687
R3,HO2 + HO2 = H2O2 + O2,1550.61,1.22301e+12,6.43790e+11,2.32340e+12,3.6089,0.64171
R3,HO2 + HO2 = H2O2 + O2,1572.15,1.27007e+12,6.68550e+11,2.44330e+12,3.6546,0.64800
R3,HO2 + HO2 = H2O2 + O2,1595.48,1.31891e+12,6.94270e+11,2.53730e+12,3.6546,0.64800
R3,HO2 + HO2 = H2O2 + O2,1624.19,1.31891e+12,7.20980e+11,2.53730e+12,3.5192,0.62912
R3,HO2 + HO2 = H2O2 + O2,1647.52,1.38699e+12,7.58200e+11,2.63490e+12,3.4752,0.62283
R3,HO2 + HO2 = H2O2 + O2,1670.85,1.44034e+12,7.58200e+11,2.63490e+12,3.4752,0.62283
R3,HO2 + HO2 = H2O2 + O2,1699.57,1.49576e+12,7.87360e+11,2.73630e+12,3.4753,0.62284
R3,HO2 + HO2 = H2O2 + O2,1722.90,1.49576e+12,8.17650e+11,2.84150e+12,3.4752,0.62283
R3,HO2 + HO2 = H2O2 + O2,1746.23,1.55330e+12,8.49110e+11,2.84150e+12,3.3464,0.60395
R3,HO2 + HO2 = H2O2 + O2,1774.95,1.61307e+12,8.81770e+11,2.98820e+12,3.3889,0.61025
R3,HO2 + HO2 = H2O2 + O2,1798.28,1.69632e+12,9.27280e+11,2.98820e+12,3.2225,0.58509
R3,HO2 + HO2 = H2O2 + O2,1819.81,1.69632e+12,9.62950e+11,3.10320e+12,3.2226,0.58509
R3,HO2 + HO2 = H2O2 + O2,1850.32,1.76156e+12,1.00000e+12,3.22250e+12,3.2225,0.58508
R3,HO2 + HO2 = H2O2 + O2,1871.86,1.82935e+12,1.00000e+12,3.22250e+12,3.2225,0.58508
R3,HO2 + HO2 = H2O2 + O2,1895.19,1.89972e+12,1.03850e+12,3.34650e+12,3.2224,0.58507
R3,HO2 + HO2 = H2O2 + O2,1923.91,1.89973e+12,1.07840e+12,3.34650e+12,3.1032,0.56622
R3,HO2 + HO2 = H2O2 + O2,1947.24,1.99778e+12,1.13410e+12,3.47520e+12,3.0643,0.55991
R3,HO2 + HO2 = H2O2 + O2,1970.57,2.07462e+12,1.17770e+12,3.65460e+12,3.1032,0.56621
R3,HO2 + HO2 = H2O2 + O2,1999.28,2.07462e+12,1.17770e+12,3.65460e+12,3.1032,0.56621
R3,HO2 + HO2 = H2O2 + O2,2022.61,2.15443e+12,1.22300e+12,3.79520e+12,3.1032,0.56622
R3,HO2 + HO2 = H2O2 + O2,2045.94,2.23730e+12,1.27010e+12,3.79520e+12,2.9881,0.54732
R3,HO2 + HO2 = H2O2 + O2,2074.66,2.23732e+12,1.31890e+12,3.94120e+12,2.9882,0.54734
R3,HO2 + HO2 = H2O2 + O2,2097.99,2.32338e+12,1.31890e+12,3.94120e+12,2.9882,0.54734
R3,HO2 + HO2 = H2O2 + O2,2119.53,2.44330e+12,1.38700e+12,4.09280e+12,2.9508,0.54104
R3,HO2 + HO2 = H2O2 + O2,2150.04,2.44332e+12,1.44040e+12,4.09280e+12,2.8414,0.52215
R3,HO2 + HO2 = H2O2 + O2,2171.57,2.53729e+12,1.44040e+12,4.30410e+12,2.9881,0.54732
R3,HO2 + HO2 = H2O2 + O2,2194.90,2.53730e+12,1.49580e+12,4.30410e+12,2.8775,0.52845
R3,HO2 + HO2 = H2O2 + O2,2223.62,2.63490e+12,1.55330e+12,4.46960e+12,2.8775,0.52846
R3,HO2 + HO2 = H2O2 + O2,2246.95,2.63491e+12,1.55330e+12,4.46960e+12,2.8775,0.52846
R3,HO2 + HO2 = H2O2 + O2,2270.28,2.73626e+12,1.61310e+12,4.64160e+12,2.8774,0.52845
R3,HO2 + HO2 = H2O2 + O2,2298.99,2.73626e+12,1.69630e+12,4.64160e+12,2.7363,0.50330
R3,HO2 + HO2 = H2O2 + O2,2322.33,2.84152e+12,1.69630e+12,4.82010e+12,2.8415,0.52217
R3,HO2 + HO2 = H2O2 + O2,2345.66,2.84153e+12,1.76160e+12,4.82010e+12,2.7362,0.50329
R3,HO2 + HO2 = H2O2 + O2,2374.37,2.98819e+12,1.76160e+12,4.82010e+12,2.7362,0.50329
R3,HO2 + HO2 = H2O2 + O2,2397.70,2.98820e+12,1.82930e+12,5.00560e+12,2.7363,0.50331
R3,HO2 + HO2 = H2O2 + O2,2419.24,3.10315e+12,1.82930e+12,5.00560e+12,2.7363,0.50331
R3,HO2 + HO2 = H2O2 + O2,2447.95,3.10315e+12,1.89970e+12,5.26390e+12,2.7709,0.50959
R3,HO2 + HO2 = H2O2 + O2,2471.28,3.22250e+12,1.89970e+12,5.26390e+12,2.7709,0.50959
R3,HO2 + HO2 = H2O2 + O2,2500.00,3.22252e+12,1.99780e+12,5.26390e+12,2.6348,0.48441
R4,HO2 + OH = H2O + O2,195.62,1.10590e+14,8.65280e+13,1.40460e+14,1.6233,0.24223
R4,HO2 + OH = H2O + O2,224.34,9.39004e+13,7.53440e+13,1.20010e+14,1.5928,0.23276
R4,HO2 + OH = H2O + O2,247.67,8.17635e+13,6.39750e+13,1.01910e+14,1.5930,0.23280
R4,HO2 + OH = H2O + O2,271.00,7.07492e+13,5.57060e+13,8.87330e+13,1.5929,0.23277
R4,HO2 + OH = H2O + O2,299.71,6.16060e+13,4.94300e+13,7.82420e+13,1.5829,0.22962
R4,HO2 + OH = H2O + O2,323.04,5.57068e+13,4.35860e+13,6.94270e+13,1.5929,0.23277
R4,HO2 + OH = H2O + O2,346.37,4.94310e+13,3.94120e+13,6.27790e+13,1.5929,0.23278
R4,HO2 + OH = H2O + O2,375.09,4.55480e+13,3.56380e+13,5.67670e+13,1.5929,0.23277
R4,HO2 + OH = H2O + O2,396.63,4.11859e+13,3.28390e+13,5.23090e+13,1.5929,0.23278
R4,HO2 + OH = H2O + O2,419.96,3.79517e+13,2.96950e+13,4.82010e+13,1.6232,0.24220
R4,HO2 + OH = H2O + O2,448.67,3.49718e+13,2.80600e+13,4.46960e+13,1.5929,0.23277
R4,HO2 + OH = H2O + O2,472.00,3.28395e+13,2.58560e+13,4.19710e+13,1.6233,0.24222
R4,HO2 + OH = H2O + O2,495.33,3.10318e+13,2.42800e+13,3.94120e+13,1.6232,0.24221
R4,HO2 + OH = H2O + O2,524.05,2.91393e+13,2.29430e+13,3.72420e+13,1.6232,0.24221
R4,HO2 + OH = H2O + O2,547.38,2.75353e+13,2.19550e+13,3.49720e+13,1.5929,0.23278
R4,HO2 + OH = H2O + O2,570.71,2.63491e+13,2.07460e+13,3.28390e+13,1.5829,0.22963
R4,HO2 + OH = H2O + O2,599.43,2.53728e+13,1.98520e+13,3.16230e+13,1.5929,0.23279
R4,HO2 + OH = H2O + O2,622.76,2.42797e+13,1.91170e+13,3.04510e+13,1.5929,0.23277
R4,HO2 + OH = H2O + O2,646.09,2.33803e+13,1.82930e+13,2.91390e+13,1.5929,0.23278
R4,HO2 + OH = H2O + O2,674.80,2.23732e+13,1.79510e+13,2.80600e+13,1.5631,0.22335
R4,HO2 + OH = H2O + O2,696.34,2.15443e+13,1.72860e+13,2.68510e+13,1.5533,0.22020
R4,HO2 + OH = H2O + O2,719.67,2.11415e+13,1.68570e+13,2.63490e+13,1.5631,0.22333
R4,HO2 + OH = H2O + O2,748.38,2.02309e+13,1.65420e+13,2.53730e+13,1.5339,0.21389
R4,HO2 + OH = H2O + O2,771.72,1.98524e+13,1.62320e+13,2.47420e+13,1.5243,0.21076
R4,HO2 + OH = H2O + O2,795.05,1.94812e+13,1.59290e+13,2.42800e+13,1.5243,0.21076
R4,HO2 + OH = H2O + O2,823.76,1.91171e+13,1.56310e+13,2.38260e+13,1.5243,0.21076
R4,HO2 + OH = H2O + O2,847.09,1.87597e+13,1.52430e+13,2.29430e+13,1.5051,0.20445
R4,HO2 + OH = H2O + O2,870.42,1.82935e+13,1.49580e+13,2.29430e+13,1.5338,0.21388
R4,HO2 + OH = H2O + O2,899.14,1.82934e+13,1.49580e+13,2.23730e+13,1.4957,0.20130
R4,HO2 + OH = H2O + O2,922.47,1.79514e+13,1.46780e+13,2.19550e+13,1.4958,0.20132
R4,HO2 + OH = H2O + O2,944.01,1.79513e+13,1.46780e+13,2.15440e+13,1.4678,0.19187
R4,HO2 + OH = H2O + O2,974.52,1.76158e+13,1.44040e+13,2.15440e+13,1.4957,0.20130
R4,HO2 + OH = H2O + O2,996.05,1.76158e+13,1.44040e+13,2.11420e+13,1.4678,0.19188
R4,HO2 + OH = H2O + O2,1019.38,1.72865e+13,1.44040e+13,2.11420e+13,1.4678,0.19188
R4,HO2 + OH = H2O + O2,1048.10,1.72864e+13,1.44040e+13,2.07460e+13,1.4403,0.18242
R4,HO2 + OH = H2O + O2,1071.43,1.72864e+13,1.44040e+13,2.07460e+13,1.4403,0.18242
R4,HO2 + OH = H2O + O2,1094.76,1.72864e+13,1.41340e+13,2.07460e+13,1.4678,0.19189
R4,HO2 + OH = H2O + O2,1123.47,1.72864e+13,1.41340e+13,2.07460e+13,1.4678,0.19189
R4,HO2 + OH = H2O + O2,1146.81,1.68568e+13,1.41340e+13,2.07460e+13,1.4678,0.19189
R4,HO2 + OH = H2O + O2,1170.14,1.68568e+13,1.41340e+13,2.02310e+13,1.4314,0.17932
R4,HO2 + OH = H2O + O2,1198.85,1.68568e+13,1.44040e+13,2.02310e+13,1.4045,0.16986
R4,HO2 + OH = H2O + O2,1222.18,1.72864e+13,1.44040e+13,2.02310e+13,1.4045,0.16986
R4,HO2 + OH = H2O + O2,1250.90,1.72864e+13,1.44040e+13,2.02310e+13,1.4045,0.16986
R4,HO2 + OH = H2O + O2,1272.43,1.72864e+13,1.44040e+13,2.07460e+13,1.4403,0.18242
R4,HO2 + OH = H2O + O2,1295.76,1.72864e+13,1.44040e+13,2.07460e+13,1.4403,0.18242
R4,HO2 + OH = H2O + O2,1324.48,1.72864e+13,1.44040e+13,2.07460e+13,1.4403,0.18242
R4,HO2 + OH = H2O + O2,1347.81,1.72864e+13,1.46780e+13,2.07460e+13,1.4134,0.17300
R4,HO2 + OH = H2O + O2,1371.14,1.76157e+13,1.46780e+13,2.07460e+13,1.4134,0.17300
R4,HO2 + OH = H2O + O2,1399.86,1.76158e+13,1.46780e+13,2.11420e+13,1.4404,0.18246
R4,HO2 + OH = H2O + O2,1423.19,1.76158e+13,1.49580e+13,2.11420e+13,1.4134,0.17301
R4,HO2 + OH = H2O + O2,1446.52,1.79514e+13,1.49580e+13,2.11420e+13,1.4134,0.17301
R4,HO2 + OH = H2O + O2,1475.23,1.79514e+13,1.49580e+13,2.11420e+13,1.4134,0.17301
R4,HO2 + OH = H2O + O2,1498.56,1.79514e+13,1.52430e+13,2.15440e+13,1.4134,0.17299
R4,HO2 + OH = H2O + O2,1521.90,1.82934e+13,1.52430e+13,2.15440e+13,1.4134,0.17299
R4,HO2 + OH = H2O + O2,1550.61,1.82934e+13,1.56310e+13,2.19550e+13,1.4046,0.16987
R4,HO2 + OH = H2O + O2,1572.15,1.87596e+13,1.56310e+13,2.19550e+13,1.4046,0.16987
R4,HO2 + OH = H2O + O2,1595.48,1.87596e+13,1.59290e+13,2.19550e+13,1.3783,0.16043
R4,HO2 + OH = H2O + O2,1624.19,1.87596e+13,1.59290e+13,2.23730e+13,1.4045,0.16986
R4,HO2 + OH = H2O + O2,1647.52,1.91170e+13,1.62320e+13,2.23730e+13,1.3783,0.16044
R4,HO2 + OH = H2O + O2,1670.85,1.91170e+13,1.62320e+13,2.29430e+13,1.4134,0.17301
R4,HO2 + OH = H2O + O2,1699.57,1.94813e+13,1.65420e+13,2.29430e+13,1.3870,0.16356
R4,HO2 + OH = H2O + O2,1722.90,1.94813e+13,1.65420e+13,2.33800e+13,1.4134,0.17299
R4,HO2 + OH = H2O + O2,1746.23,1.98524e+13,1.68570e+13,2.33800e+13,1.3870,0.16356
R4,HO2 + OH = H2O + O2,1774.95,1.98525e+13,1.68570e+13,2.38260e+13,1.4134,0.17301
R4,HO2 + OH = H2O + O2,1798.28,2.02308e+13,1.72860e+13,2.38260e+13,1.3783,0.16044
R4,HO2 + OH = H2O + O2,1819.81,2.07462e+13,1.72860e+13,2.42800e+13,1.4046,0.16988
R4,HO2 + OH = H2O + O2,1850.32,2.07462e+13,1.76160e+13,2.47420e+13,1.4045,0.16985
R4,HO2 + OH = H2O + O2,1871.86,2.11415e+13,1.76160e+13,2.47420e+13,1.4045,0.16985
R4,HO2 + OH = H2O + O2,1895.19,2.11415e+13,1.79510e+13,2.53730e+13,1.4135,0.17302
R4,HO2 + OH = H2O + O2,1923.91,2.15443e+13,1.79510e+13,2.53730e+13,1.4135,0.17302
R4,HO2 + OH = H2O + O2,1947.24,2.15444e+13,1.82930e+13,2.58560e+13,1.4134,0.17301
R4,HO2 + OH = H2O + O2,1970.57,2.19548e+13,1.82930e+13,2.58560e+13,1.4134,0.17301
R4,HO2 + OH = H2O + O2,1999.28,2.19548e+13,1.87600e+13,2.63490e+13,1.4045,0.16985
R4,HO2 + OH = H2O + O2,2022.61,2.23731e+13,1.87600e+13,2.63490e+13,1.4045,0.16985
R4,HO2 + OH = H2O + O2,2045.94,2.23731e+13,1.91170e+13,2.68510e+13,1.4046,0.16986
R4,HO2 + OH = H2O + O2,2074.66,2.29433e+13,1.91170e+13,2.68510e+13,1.4046,0.16986
R4,HO2 + OH = H2O + O2,2097.99,2.29433e+13,1.94810e+13,2.75350e+13,1.4134,0.17301
R4,HO2 + OH = H2O + O2,2119.53,2.33804e+13,1.94810e+13,2.80600e+13,1.4404,0.18245
R4,HO2 + OH = H2O + O2,2150.04,2.33805e+13,1.98520e+13,2.80600e+13,1.4135,0.17302
R4,HO2 + OH = H2O + O2,2171.57,2.38258e+13,1.98520e+13,2.85950e+13,1.4404,0.18246
R4,HO2 + OH = H2O + O2,2194.90,2.38259e+13,2.02310e+13,2.85950e+13,1.4134,0.17301
R4,HO2 + OH = H2O + O2,2223.62,2.42798e+13,2.02310e+13,2.91390e+13,1.4403,0.18243
R4,HO2 + OH = H2O + O2,2246.95,2.42798e+13,2.07460e+13,2.91390e+13,1.4046,0.16986
R4,HO2 + OH = H2O + O2,2270.28,2.47424e+13,2.07460e+13,2.96950e+13,1.4314,0.17931
R4,HO2 + OH = H2O + O2,2298.99,2.47424e+13,2.11420e+13,2.96950e+13,1.4046,0.16986
R4,HO2 + OH = H2O + O2,2322.33,2.53730e+13,2.11420e+13,3.04510e+13,1.4403,0.18243
R4,HO2 + OH = H2O + O2,2345.66,2.53730e+13,2.11420e+13,3.04510e+13,1.4403,0.18243
R4,HO2 + OH = H2O + O2,2374.37,2.58564e+13,2.15440e+13,3.10320e+13,1.4404,0.18246
R4,HO2 + OH = H2O + O2,2397.70,2.58564e+13,2.15440e+13,3.10320e+13,1.4404,0.18246
R4,HO2 + OH = H2O + O2,2419.24,2.63490e+13,2.19550e+13,3.10320e+13,1.4134,0.17301
R4,HO2 + OH = H2O + O2,2447.95,2.63490e+13,2.19550e+13,3.16230e+13,1.4404,0.18244
R4,HO2 + OH = H2O + O2,2471.29,2.63491e+13,2.19550e+13,3.16230e+13,1.4404,0.18244
R4,HO2 + OH = H2O + O2,2500.00,2.68511e+13,2.23730e+13,3.22250e+13,1.4404,0.18244
R5,OH + OH = O + H2O,195.62,2.08772e+12,1.10130e+12,3.95780e+12,3.5938,0.63960
R5,OH + OH = O + H2O,224.34,1.76522e+12,9.60940e+11,3.10970e+12,3.2361,0.58718
R5,OH + OH = O + H2O,247.67,1.49260e+12,8.38490e+11,2.54800e+12,3.0388,0.55573
R5,OH + OH = O + H2O,271.00,1.30241e+12,7.55020e+11,2.15440e+12,2.8534,0.52426
R5,OH + OH = O + H2O,299.71,1.13648e+12,7.08980e+11,1.87990e+12,2.6516,0.48757
R5,OH + OH = O + H2O,323.04,1.06718e+12,6.65760e+11,1.64030e+12,2.4638,0.45085
R5,OH + OH = O + H2O,346.37,9.91660e+11,6.38410e+11,1.54030e+12,2.4127,0.44038
R5,OH + OH = O + H2O,375.09,9.31180e+11,6.18640e+11,1.38700e+12,2.2420,0.40369
R5,OH + OH = O + H2O,396.63,8.92929e+11,5.99480e+11,1.34400e+12,2.2419,0.40367
R5,OH + OH = O + H2O,419.96,8.65279e+11,5.99480e+11,1.26210e+12,2.1053,0.37223
R5,OH + OH = O + H2O,448.67,8.38490e+11,5.99480e+11,1.21030e+12,2.0189,0.35128
R5,OH + OH = O + H2O,472.00,8.38489e+11,5.99480e+11,1.17280e+12,1.9564,0.33554
R5,OH + OH = O + H2O,495.33,8.38489e+11,5.99480e+11,1.17280e+12,1.9564,0.33554
R5,OH + OH = O + H2O,524.05,8.38489e+11,6.18640e+11,1.13650e+12,1.8371,0.30409
R5,OH + OH = O + H2O,547.38,8.38489e+11,6.18640e+11,1.13650e+12,1.8371,0.30409
R5,OH + OH = O + H2O,570.71,8.38489e+11,6.38410e+11,1.13650e+12,1.7802,0.28836
R5,OH + OH = O + H2O,599.43,8.65282e+11,6.38410e+11,1.13650e+12,1.7802,0.28836
R5,OH + OH = O + H2O,622.76,8.65286e+11,6.65760e+11,1.13650e+12,1.7071,0.26739
R5,OH + OH = O + H2O,646.09,8.92935e+11,6.87030e+11,1.17280e+12,1.7071,0.26739
R5,OH + OH = O + H2O,674.80,8.92935e+11,7.08980e+11,1.17280e+12,1.6542,0.25166
R5,OH + OH = O + H2O,696.34,9.31182e+11,7.31640e+11,1.17280e+12,1.6030,0.23593
R5,OH + OH = O + H2O,719.67,9.60939e+11,7.55020e+11,1.21030e+12,1.6030,0.23594
R5,OH + OH = O + H2O,748.38,9.91640e+11,7.87360e+11,1.21030e+12,1.5372,0.21497
R5,OH + OH = O + H2O,771.72,9.91651e+11,8.12520e+11,1.26210e+12,1.5533,0.22020
R5,OH + OH = O + H2O,795.05,1.02334e+12,8.38490e+11,1.30240e+12,1.5533,0.22018
R5,OH + OH = O + H2O,823.76,1.06716e+12,8.65280e+11,1.30240e+12,1.5052,0.20446
R5,OH + OH = O + H2O,847.09,1.10127e+12,8.92930e+11,1.34400e+12,1.5052,0.20445
R5,OH + OH = O + H2O,870.42,1.13646e+12,9.31180e+11,1.38700e+12,1.4895,0.19922
R5,OH + OH = O + H2O,899.14,1.17278e+12,9.60940e+11,1.43130e+12,1.4895,0.19921
R5,OH + OH = O + H2O,922.47,1.21026e+12,9.91650e+11,1.49260e+12,1.5052,0.20445
R5,OH + OH = O + H2O,944.01,1.26210e+12,1.02330e+12,1.54030e+12,1.5052,0.20447
R5,OH + OH = O + H2O,974.52,1.26211e+12,1.06720e+12,1.54030e+12,1.4433,0.18347
R5,OH + OH = O + H2O,996.05,1.30242e+12,1.10130e+12,1.58960e+12,1.4434,0.18350
R5,OH + OH = O + H2O,1019.38,1.34404e+12,1.13650e+12,1.64030e+12,1.4433,0.18346
R5,OH + OH = O + H2O,1048.10,1.38700e+12,1.17280e+12,1.69280e+12,1.4434,0.18349
R5,OH + OH = O + H2O,1071.43,1.43133e+12,1.21030e+12,1.76530e+12,1.4586,0.18873
R5,OH + OH = O + H2O,1094.76,1.49263e+12,1.26210e+12,1.82170e+12,1.4434,0.18350
R5,OH + OH = O + H2O,1123.47,1.54032e+12,1.30240e+12,1.87990e+12,1.4434,0.18350
R5,OH + OH = O + H2O,1146.81,1.58956e+12,1.34400e+12,1.94000e+12,1.4435,0.18352
R5,OH + OH = O + H2O,1170.14,1.64035e+12,1.38700e+12,2.00200e+12,1.4434,0.18350
R5,OH + OH = O + H2O,1198.85,1.69276e+12,1.43130e+12,2.08770e+12,1.4586,0.18874
R5,OH + OH = O + H2O,1222.18,1.76527e+12,1.49260e+12,2.15440e+12,1.4434,0.18350
R5,OH + OH = O + H2O,1250.90,1.82169e+12,1.54030e+12,2.22330e+12,1.4434,0.18351
R5,OH + OH = O + H2O,1272.43,1.87989e+12,1.58960e+12,2.29430e+12,1.4433,0.18347
R5,OH + OH = O + H2O,1295.76,1.93996e+12,1.64030e+12,2.39260e+12,1.4586,0.18875
R5,OH + OH = O + H2O,1324.48,2.00197e+12,1.64030e+12,2.46910e+12,1.5053,0.20449
R5,OH + OH = O + H2O,1347.81,2.08772e+12,1.69280e+12,2.54800e+12,1.5052,0.20446
R5,OH + OH = O + H2O,1371.14,2.15443e+12,1.76530e+12,2.54800e+12,1.4434,0.18349
R5,OH + OH = O + H2O,1399.86,2.22329e+12,1.82170e+12,2.62940e+12,1.4434,0.18349
R5,OH + OH = O + H2O,1423.19,2.29434e+12,1.87990e+12,2.71340e+12,1.4434,0.18349
R5,OH + OH = O + H2O,1446.52,2.39261e+12,1.94000e+12,2.82960e+12,1.4586,0.18872
R5,OH + OH = O + H2O,1475.23,2.46905e+12,2.00200e+12,2.92010e+12,1.4586,0.18874
R5,OH + OH = O + H2O,1498.56,2.54795e+12,2.08770e+12,3.01340e+12,1.4434,0.18350
R5,OH + OH = O + H2O,1521.90,2.62938e+12,2.15440e+12,3.10970e+12,1.4434,0.18351
R5,OH + OH = O + H2O,1550.61,2.62938e+12,2.22330e+12,3.20900e+12,1.4433,0.18348
R5,OH + OH = O + H2O,1572.15,2.71343e+12,2.29430e+12,3.34650e+12,1.4586,0.18874
R5,OH + OH = O + H2O,1595.48,2.82964e+12,2.39260e+12,3.45340e+12,1.4434,0.18349
R5,OH + OH = O + H2O,1624.19,2.92005e+12,2.46910e+12,3.56380e+12,1.4434,0.18349
R5,OH + OH = O + H2O,1647.52,3.01335e+12,2.46910e+12,3.67770e+12,1.4895,0.19922
R5,OH + OH = O + H2O,1670.85,3.10965e+12,2.54800e+12,3.67770e+12,1.4434,0.18349
R5,OH + OH = O + H2O,1699.57,3.20904e+12,2.62940e+12,3.79520e+12,1.4434,0.18349
R5,OH + OH = O + H2O,1722.90,3.34649e+12,2.71340e+12,3.95780e+12,1.4586,0.18874
R5,OH + OH = O + H2O,1746.23,3.34649e+12,2.82960e+12,4.08420e+12,1.4434,0.18350
R5,OH + OH = O + H2O,1774.95,3.45345e+12,2.92010e+12,4.21470e+12,1.4433,0.18348
R5,OH + OH = O + H2O,1798.28,3.56381e+12,3.01340e+12,4.34940e+12,1.4434,0.18348
R5,OH + OH = O + H2O,1819.81,3.67766e+12,3.01340e+12,4.53570e+12,1.5052,0.20446
R5,OH + OH = O + H2O,1850.32,3.79519e+12,3.10970e+12,4.53570e+12,1.4586,0.18873
R5,OH + OH = O + H2O,1871.86,3.95776e+12,3.20900e+12,4.68070e+12,1.4586,0.18874
R5,OH + OH = O + H2O,1895.19,3.95776e+12,3.34650e+12,4.83030e+12,1.4434,0.18350
R5,OH + OH = O + H2O,1923.91,4.08426e+12,3.45340e+12,4.98460e+12,1.4434,0.18350
R5,OH + OH = O + H2O,1947.24,4.21477e+12,3.56380e+12,5.14390e+12,1.4434,0.18349
R5,OH + OH = O + H2O,1970.57,4.34946e+12,3.56380e+12,5.14390e+12,1.4434,0.18349
R5,OH + OH = O + H2O,1999.28,4.53572e+12,3.67770e+12,5.36420e+12,1.4586,0.18873
R5,OH + OH = O + H2O,2022.61,4.53573e+12,3.79520e+12,5.53570e+12,1.4586,0.18874
R5,OH + OH = O + H2O,2045.94,4.68066e+12,3.95780e+12,5.71260e+12,1.4434,0.18349
R5,OH + OH = O + H2O,2074.66,4.83026e+12,3.95780e+12,5.71260e+12,1.4434,0.18349
R5,OH + OH = O + H2O,2097.99,4.98462e+12,4.08420e+12,5.89510e+12,1.4434,0.18350
R5,OH + OH = O + H2O,2119.53,4.98464e+12,4.21470e+12,6.08350e+12,1.4434,0.18350
R5,OH + OH = O + H2O,2150.04,5.14394e+12,4.34940e+12,6.34410e+12,1.4586,0.18874
R5,OH + OH = O + H2O,2171.57,5.36421e+12,4.34940e+12,6.34410e+12,1.4586,0.18874
R5,OH + OH = O + H2O,2194.90,5.53564e+12,4.53570e+12,6.54680e+12,1.4434,0.18350
R5,OH + OH = O + H2O,2223.62,5.53568e+12,4.68070e+12,6.75600e+12,1.4434,0.18349
R5,OH + OH = O + H2O,2246.95,5.71256e+12,4.68070e+12,6.97190e+12,1.4895,0.19922
R5,OH + OH = O + H2O,2270.28,5.89510e+12,4.83030e+12,6.97190e+12,1.4434,0.18349
R5,OH + OH = O + H2O,2298.99,5.89510e+12,4.98460e+12,7.19470e+12,1.4434,0.18350
R5,OH + OH = O + H2O,2322.33,6.08353e+12,4.98460e+12,7.50290e+12,1.5052,0.20447
R5,OH + OH = O + H2O,2345.66,6.34407e+12,5.14390e+12,7.50290e+12,1.4586,0.18874
R5,OH + OH = O + H2O,2374.37,6.34407e+12,5.36420e+12,7.74260e+12,1.4434,0.18350
R5,OH + OH = O + H2O,2397.70,6.54677e+12,5.36420e+12,7.99010e+12,1.4895,0.19923
R5,OH + OH = O + H2O,2419.24,6.75601e+12,5.53570e+12,7.99010e+12,1.4434,0.18349
R5,OH + OH = O + H2O,2447.95,6.75601e+12,5.71260e+12,8.24540e+12,1.4434,0.18349
R5,OH + OH = O + H2O,2471.28,6.97185e+12,5.71260e+12,8.24540e+12,1.4434,0.18349
R5,OH + OH = O + H2O,2500.00,6.97190e+12,5.89510e+12,8.50890e+12,1.4434,0.18350
